QC,Received,Location,Source,m.Body,v.Sperm,l.Sperm,t.Sperm,w.Head,w.Thorax,d.Spermatheca,f.Spermatheca,pheno_id,date,year,loc.fix,gc_id,loc.year
QC 2467,44617,Hawaii,A,210.5,0.898333333333333,6956666.66666667,7666666.66666667,3.80397727272727,4.83806818181818,1.2570047114093,0.709943078877831,QC2467,2022-02-25,2022,HI,QC2467,HI2022
QC 2471,44617,Hawaii,A,176.8,0.838666666666667,2490000,2933333.33333333,3.85227272727273,5.02840909090909,1.26131780052224,0.268853384357689,QC2471,2022-02-25,2022,HI,QC2471,HI2022
QC 2491,44636,Georgia,B,218.6,0.823666666666667,7503333.33333333,9050000,3.97443181818182,5.06534090909091,1.28247342747099,0.789098318260634,QC2491,2022-03-16,2022,GA,QC2491,GA2022
QC 2493,44636,Georgia,B,217.8,0.863333333333333,4413333.33333333,5100000,3.94318181818182,5.04545454545455,1.25250859415047,0.477370631903048,QC2493,2022-03-16,2022,GA,QC2493,GA2022
QC 2519,44663,Southern California,C,240.2,0.856333333333333,4930000,5723333.33333333,3.83806818181818,5.04829545454545,1.28705249738605,0.493728185290177,QC2519,2022-04-12,2022,CA,QC2519,CA2022
QC 2520,44663,Southern California,C,181.7,0.871,7870000,9083333.33333333,3.79261363636364,4.82670454545455,1.27830005673163,0.79978727887752,QC2520,2022-04-12,2022,CA,QC2520,CA2022
QC 2546,44671,Hawaii,D,199.6,0.902333333333333,4456666.66666667,4963333.33333333,3.55124653739612,4.85595567867036,1.10533310738956,0.675960895605809,QC2546,2022-04-20,2022,HI,QC2546,HI2022
QC 2547,44671,Hawaii,D,217.7,0.187333333333333,604000,3333333.33333333,3.69252077562327,4.92520775623269,1.16340032124251,0.389330898424404,QC2547,2022-04-20,2022,HI,QC2547,HI2022
QC 2573,44678,Southern California,C,243.7,0.126,244000,2469000,3.91135734072022,5.1191135734072,1.25896437639695,0.227566552491013,QC2573,2022-04-27,2022,CA,QC2573,CA2022
QC 2579,44678,Southern California,C,246.6,0.905666666666667,5640000,6243333.33333333,3.88919667590028,4.97783933518006,1.25475899399748,0.581250360728628,QC2579,2022-04-27,2022,CA,QC2579,CA2022
QC 2583,44678,Southern California,C,224.7,0.633666666666667,520000,849333.333333333,4.03047091412742,4.93905817174515,1.23314472406462,0.0833035839339075,QC2583,2022-04-27,2022,CA,QC2583,CA2022
QC 2919,45065,Hawaii,E,182.7,0.776,5500000,7113333.33333333,3.78527607361963,4.8159509202454,1.1657700973173,0.825775686172095,QC2919,2023-05-19,2023,HI,QC2919,HI2023
QC 2920,45065,Hawaii,E,186.2,0.343285714285714,3454285.71428571,4382857.14285714,3.77300613496933,4.88343558282209,1.12901603383319,0.560124605625921,QC2920,2023-05-19,2023,HI,QC2920,HI2023
QC 2971,45083,Minnesota,F,190.7,0.833333333333333,3353333.33333333,3986666.66666667,3.69886363636364,4.73863636363636,1.30392813494792,0.330732307595155,QC2971,2023-06-06,2023,MN,QC2971,MN2023
QC 2982,45083,Minnesota,F,182.5,0.575,522666.666666667,911333.333333333,3.96022727272727,4.78977272727273,1.18439839597688,0.100881490139925,QC2982,2023-06-06,2023,MN,QC2982,MN2023
QC 2983,45085,Hawaii,D,186.4,0.793,7753333.33333333,9733333.33333333,3.92592592592593,5.19753086419753,1.21526083635118,0.997426160197607,QC2983,2023-06-08,2023,HI,QC2983,HI2023
QC 2990,45085,Hawaii,D,143.3,0.811333333333333,3600000,4436666.66666667,3.87037037037037,4.77160493827161,1.21611885309033,0.453687069672615,QC2990,2023-06-08,2023,HI,QC2990,HI2023
QC 3013,45090,Georgia,G,237,0.86725,9455000,10927500,3.71428571428571,4.86285714285714,1.35131956411904,0.814468489257914,QC3013,2023-06-13,2023,GA,QC3013,GA2023
QC 3045,45090,Georgia,G,220.5,0.737,4170000,5666666.66666667,3.76571428571429,4.88571428571429,NA,NA,QC3045,2023-06-13,2023,GA,QC3045,GA2023
QC 3072,45113,Georgia,G,233.7,0.881666666666667,7056666.66666667,8043333.33333333,3.82208588957055,5.07361963190184,1.34349619505885,0.610034517893121,QC3072,2023-07-06,2023,GA,QC3072,GA2023
QC 3085,45118,Northern California,H,173.5,0.75,1313333.33333333,1773333.33333333,3.81437125748503,4.90419161676647,1.22720348839982,0.176468948952698,QC3085,2023-07-11,2023,CA,QC3085,CA2023
QC 3087,45118,Northern California,H,199.6,0.872666666666667,7486666.66666667,8593333.33333333,3.83233532934132,4.98802395209581,1.41284189517034,0.56041355247453,QC3087,2023-07-11,2023,CA,QC3087,CA2023
QC 3109,45191,Washington,I,179.1,0.832,3853333.33333333,4630000,3.7289156626506,4.41566265060241,1.0806472729726,0.674771560677581,QC3109,2023-09-22,2023,WA,QC3109,WA2023
QC 3113,45191,Washington,I,182.1,0.916,8730000,9550000,3.6566265060241,4.75903614457831,1.25272685438056,0.893432762688653,QC3113,2023-09-22,2023,WA,QC3113,WA2023
QC 3159,45196,West Virginia,J,210.9,0.936333333333333,6600000,7046666.66666667,3.93251533742331,5.04294478527607,1.33131328695117,0.549250667983754,QC3159,2023-09-27,2023,WV,QC3159,WV2023
QC 3162,45196,West Virginia,J,210.3,0.782666666666667,1273000,1600000,4.25153374233129,5.66871165644172,1.41981926173781,0.102813100563577,QC3162,2023-09-27,2023,WV,QC3162,WV2023
QC 3169,45216,Northern California,K,185.4,0.867,6686666.66666667,7703333.33333333,3.73888888888889,4.93333333333333,1.33901053191699,0.59013908195039,QC3169,2023-10-17,2023,CA,QC3169,CA2023
QC 3171,45216,Northern California,K,162.2,0.664333333333333,2553333.33333333,3833333.33333333,3.77401129943503,4.58757062146893,1.21165703932186,0.396337459430884,QC3171,2023-10-17,2023,CA,QC3171,CA2023
QC 3209,45232,Washington,I,185.7,0.179666666666667,1966666.66666667,8663333.33333333,3.93788819875776,4.97515527950311,1.33229139248246,0.673775202757672,QC3209,2023-11-02,2023,WA,QC3209,WA2023
QC 3223,45232,Washington,I,174,0.816666666666667,5426666.66666667,6620000,3.75,4.64024390243903,1.19813141427685,0.707900613150736,QC3223,2023-11-02,2023,WA,QC3223,WA2023
QC 3330,45386,Georgia,G,214.4,0.333333333333333,15933.3333333333,15933.3333333333,3.77987421383648,4.77987421383648,1.16013536692828,0.00187675813525187,QC3330,2024-04-04,2024,GA,QC3330,GA2024
QC 3334,45386,Georgia,G,229.1,0.702333333333333,6393333.33333333,9090000,3.86792452830189,4.86163522012579,1.17869733317347,1.02090338837161,QC3334,2024-04-04,2024,GA,QC3334,GA2024
QC 3364,45393,Hawaii,D,199.2,0.887,4400000,4986666.66666667,3.75949367088608,4.62025316455696,1.17357816871104,0.567416469942498,QC3364,2024-04-11,2024,HI,QC3364,HI2024
QC 3366,45393,Hawaii,D,207,0.796,6026666.66666667,7453333.33333333,3.72151898734177,4.87341772151899,1.19615546335057,0.800968293245204,QC3366,2024-04-11,2024,HI,QC3366,HI2024
QC 3395,45398,Northern California,H,228.1,0.598333333333333,3086666.66666667,5006666.66666667,3.87577639751553,4.77018633540373,1.29809923840037,0.420971463704626,QC3395,2024-04-16,2024,CA,QC3395,CA2024
QC 3402,45398,Northern California,H,211.9,0.768333333333333,6583333.33333333,8563333.33333333,3.70807453416149,5.11801242236025,1.24551510233204,0.815123700227835,QC3402,2024-04-16,2024,CA,QC3402,CA2024
QC 3424,45412,Georgia,L,257.4,0.894333333333333,3833333.33333333,4296666.66666667,4.025,4.95,1.34964007190315,0.321444081962366,QC3424,2024-04-30,2024,GA,QC3424,GA2024
QC 3425,45412,Georgia,L,232.9,0.896666666666667,4643333.33333333,5163333.33333333,3.7375,5.0375,1.27836725945069,0.454559679277962,QC3425,2024-04-30,2024,GA,QC3425,GA2024
QC 3465,45441,Northern California,N,170.1,0.728,6976666.66666667,9710000,3.95121951219512,5.04390243902439,1.33913810573051,0.7436537803021,QC3465,2024-05-29,2024,CA,QC3465,CA2024
QC 3466,45441,Northern California,N,167.9,0.489,3690000,7530000,3.91219512195122,4.65365853658537,1.1827434231419,0.837049257989009,QC3466,2024-05-29,2024,CA,QC3466,CA2024
QC 3486,45447,Michigan,M,168.1,0.73125,2447500,3357500,3.62962962962963,4.64197530864198,1.16017788464448,0.395430294447775,QC3486,2024-06-04,2024,MI,QC3486,MI2024
QC 3487,45447,Michigan,M,230,0.919,7393333.33333333,8023333.33333333,3.80864197530864,5.07407407407407,1.25929528208519,0.738923998252126,QC3487,2024-06-04,2024,MI,QC3487,MI2024
QC 3566,45461,Northern California,O,194,0.862666666666667,9226666.66666667,10630000,3.93827160493827,5.37037037037037,1.42283267348871,0.678733742876762,QC3566,2024-06-18,2024,CA,QC3566,CA2024
QC 3567,45461,Northern California,O,202,0.825333333333333,5840000,7063333.33333333,3.85802469135802,4.83333333333333,1.29507826816045,0.598066283402042,QC3567,2024-06-18,2024,CA,QC3567,CA2024
QC 3568,45461,Northern California,O,197,0.912333333333333,6933333.33333333,7523333.33333333,3.91358024691358,4.83950617283951,NA,NA,QC3568,2024-06-18,2024,CA,QC3568,CA2024
QC 3569,45461,Northern California,O,182,0.929,5450000,5866666.66666667,3.80246913580247,4.88888888888889,1.20282139970931,0.620034191999365,QC3569,2024-06-18,2024,CA,QC3569,CA2024
QC 3570,45461,Northern California,O,172,0.903666666666667,4836666.66666667,5330000,3.7037037037037,4.80864197530864,1.15716312540929,0.63266107713974,QC3570,2024-06-18,2024,CA,QC3570,CA2024
QC 3571,45461,Northern California,O,179,0.908,5543333.33333333,6113333.33333333,3.87654320987654,4.91975308641975,1.28365838164921,0.531566200679404,QC3571,2024-06-18,2024,CA,NA,CA2024
QC 3572,45461,Northern California,O,186,0.921333333333333,8443333.33333333,9140000,3.7962962962963,4.87037037037037,1.35784121121026,0.671470447959317,QC3572,2024-06-18,2024,CA,QC3572,CA2024
QC 3576,45461,Northern California,O,145,0.84,3846666.66666667,4543333.33333333,3.61728395061728,4.54320987654321,1.12951797849193,0.579859560520387,QC3576,2024-06-18,2024,CA,QC3576,CA2024
QC 3583,45461,Northern California,O,207,0.005,30733.3333333333,5606666.66666667,3.74691358024691,5.04320987654321,1.31800770291292,0.450379439645579,QC3583,2024-06-18,2024,CA,QC3583,CA2024
QC 3586,45461,Northern California,O,183,0.843333333333333,4133333.33333333,4870000,3.7283950617284,4.87037037037037,1.23189421839482,0.479111257157215,QC3586,2024-06-18,2024,CA,QC3586,CA2024
QC 3587,45461,Northern California,O,186,0.831666666666667,2780000,3380000,3.83950617283951,4.80246913580247,1.16701576362734,0.391123758800206,QC3587,2024-06-18,2024,CA,QC3587,CA2024
QC 3592,45461,Northern California,O,185,0.913,5786666.66666667,6296666.66666667,4.03086419753086,5.14814814814815,1.3486813405886,0.4720742601421,QC3592,2024-06-18,2024,CA,QC3592,CA2024
QC 3608,45461,Northern California,O,183.6,0.843,5326666.66666667,6323333.33333333,3.63636363636364,4.67272727272727,1.16987095639805,0.726373285696236,QC3608,2024-06-18,2024,CA,QC3608,CA2024
QC 3686,45524,Georgia,B,240.1,0.870333333333333,11926666.6666667,13700000,3.92546583850932,4.85093167701863,1.26403140429338,1.24759791467406,QC3686,2024-08-20,2024,GA,QC3686,GA2024
QC 3692,45524,Georgia,B,219.8,0.773,6973333.33333333,8956666.66666667,4.11180124223603,5.11180124223603,1.26750458429574,0.808957042633337,QC3692,2024-08-20,2024,GA,QC3692,GA2024
QC 3693,45524,Georgia,B,225.1,0.496666666666667,4806666.66666667,9563333.33333333,3.99378881987578,4.86335403726708,1.31999419462709,0.764752481419246,QC3693,2024-08-20,2024,GA,QC3693,GA2024
QC 3698,45524,Georgia,B,238.1,0.822333333333333,6766666.66666667,8180000,3.85093167701863,4.72049689440994,1.22647907003055,0.815456022416575,QC3698,2024-08-20,2024,GA,QC3698,GA2024
QC 3699,45524,Georgia,B,270.2,0.39,1111000,2873333.33333333,4.12422360248447,5.2111801242236,1.47832577007119,0.163569841647889,QC3699,2024-08-20,2024,GA,QC3699,GA2024
QC 3731,45531,Georgia,B,212.8,0.716,8460000,11850000,4.01875,4.9375,1.34964007190315,0.8865273168163,QC3731,2024-08-27,2024,GA,QC3731,GA2024
QC 3732,45531,Georgia,B,220.1,0.504666666666667,3460000,6820000,4.075,4.96875,1.45009825518202,0.411357812198699,QC3732,2024-08-27,2024,GA,QC3732,GA2024
QC 3751,45539,Georgia,B,222,0.806333333333333,7726666.66666667,9573333.33333333,3.91925465838509,4.86335403726708,1.30761891742874,0.787494013317257,QC3751,2024-09-04,2024,GA,QC3751,GA2024
QC 3754,45539,Georgia,B,250.8,0.836666666666667,14233333.3333333,1.7e+07,3.90062111801242,5.01863354037267,1.31980812008401,1.36001656507919,QC3754,2024-09-04,2024,GA,QC3754,GA2024
QC 3766,45539,Georgia,B,207.5,0.732666666666667,3066666.66666667,4180000,3.85093167701863,4.64596273291926,1.19250708493767,0.453336870991244,QC3766,2024-09-04,2024,GA,QC3766,GA2024
QC 3773,45539,Georgia,B,223.5,0.925333333333333,13600000,14666666.6666667,3.87577639751553,4.98136645962733,1.38205656798376,1.02183701139046,QC3773,2024-09-04,2024,GA,QC3773,GA2024
QC 3789,45539,Georgia,B,233.6,0.638,4843333.33333333,7573333.33333333,3.85093167701863,4.94409937888199,1.32604592460454,0.597363993560952,QC3789,2024-09-04,2024,GA,QC3789,GA2024
QC 3459,45441,Unknown,TT,176.6,0.727,2420000,3420000,3.63,4.56,1.18,0.38,QC3459,2024-05-29,2024,USA,QC3459,USA2024
QC 0381,2017-02-01T00:00:00Z,NCA,NA,238.2,0.866,3393854,3919000,4.075,5.05,1.28754043,NA,QC0381,2017-02-01,2017,CA,QC0381,CA2017
QC 0382,2017-02-01T00:00:00Z,NCA,NA,209.7,0.76033333,3911661.56,5144666.67,3.812,4.955,1.30309564,NA,QC0382,2017-02-01,2017,CA,QC0382,CA2017
QC 0383,2017-02-01T00:00:00Z,NCA,NA,220.6,0.95633333,4757120.78,4974333.33,3.958,5.184,1.41013399,NA,QC0383,2017-02-01,2017,CA,NA,CA2017
QC 0385,2017-02-01T00:00:00Z,NCA,NA,213.1,0.92266667,3026039.11,3279666.67,3.958,4.963,1.37840752,NA,QC0385,2017-02-01,2017,CA,QC0385,CA2017
QC 0388,2017-02-01T00:00:00Z,NCA,NA,202.3,0.70733333,3671060,5190000,3.882,4.963,1.25689204,NA,QC0388,2017-02-01,2017,CA,QC0388,CA2017
QC 0389,2017-02-01T00:00:00Z,NCA,NA,205.6,0.75133333,2023841.56,2693666.67,3.882,4.988,1.37856153,NA,QC0389,2017-02-01,2017,CA,QC389B,CA2017
QC 0440,2017-03-20T00:00:00Z,NC,NA,223,0.92833333,3743349.44,4032333.33,3.82681564,5.15363128,1.22909992,NA,QC0440,2017-03-20,2017,NC,QC0440,NC2017
QC 0442,2017-03-20T00:00:00Z,NC,NA,191.4,0.904,3778358.4,4179600,3.65083799,4.63128492,1.17191467,NA,QC0442,2017-03-20,2017,NC,QC0442,NC2017
QC 0444,2017-03-20T00:00:00Z,NC,NA,200.1,0.86833333,3945967.17,4544300,3.76256983,4.84916201,1.2010711,NA,QC0444,2017-03-20,2017,NC,QC0444,NC2017
QC 0449,2017-03-20T00:00:00Z,USA,NA,209.3,0.883,5074306.67,5746666.67,3.97206704,5.04189944,1.28911553,NA,QC0449,2017-03-20,2017,USA,QC0449,USA2017
QC 0451,2017-03-20T00:00:00Z,USA,NA,198.7,0.929,2595579.55,2793950,3.7122905,4.91340782,1.18988512,NA,QC0451,2017-03-20,2017,USA,QC0451,USA2017
QC 0453,2017-03-20T00:00:00Z,USA,NA,196.8,0.87633333,6022162.67,6872000,3.84357542,5.12011173,1.26818323,NA,QC0453,2017-03-20,2017,USA,QC0453,USA2017
QC 0455,2017-03-20T00:00:00Z,USA,NA,170.9,0.89133333,6707283.33,7525000,3.81564246,5.05027933,1.19701104,NA,QC0455,2017-03-20,2017,USA,QC0455,USA2017
QC 0468,2017-03-20T00:00:00Z,USA,NA,198.1,0.92333333,5130655.56,5556666.67,3.94413408,4.93854749,1.36882221,NA,QC0468,2017-03-20,2017,USA,QC0468,USA2017
QC 0472,2017-03-20T00:00:00Z,USA,NA,193.5,0.902,4753991,5270500,3.90223464,5.0027933,1.21370196,NA,QC0472,2017-03-20,2017,USA,QC0472,USA2017
QC 0474,2017-03-20T00:00:00Z,USA,NA,183.6,0.83933333,5252548,6258000,3.76815642,4.8603352,1.1955826,NA,QC0474,2017-03-20,2017,USA,QC0474,USA2017
QC 0476,2017-03-20T00:00:00Z,USA,NA,191.5,0,0,0,3.87430168,5.11452514,1.19468481,NA,QC0476,2017-03-20,2017,USA,QC0476,USA2017
QC 0479,2017-03-20T00:00:00Z,USA,NA,186.3,0.86233333,4909263.67,5693000,3.80726257,4.96927374,1.16189792,NA,QC0479,2017-03-20,2017,USA,QC0479,USA2017
QC 0591,2017-06-02T00:00:00Z,MN,NA,203.7,0.83266667,2341625.2,2812200,3.66759777,4.83519553,1.26955346,NA,QC0591,2017-06-02,2017,MN,QC0591,MN2017
QC 0593,2017-06-02T00:00:00Z,MN,NA,197.4,0.598,5023180.07,8399966.67,3.93296089,5.0726257,1.45769424,NA,QC0593,2017-06-02,2017,MN,QC0593,MN2017
QC 0594,2017-06-02T00:00:00Z,MN,NA,268.2,0.80766667,5411635.89,6700333.33,3.73743017,5.02513966,1.25670922,NA,QC0594,2017-06-02,2017,MN,QC0594,MN2017
QC 0595,2017-06-02T00:00:00Z,MN,NA,246.6,0.569,2727406.67,4793333.33,3.91061453,5.05586592,1.3408244,NA,QC0595,2017-06-02,2017,MN,QC0595,MN2017
QC 0631,2017-06-27T16:31:20Z,GA,NA,214.5,0.83566667,4373333.33,5242666.67,3.64285714,4.6510989,1.13878076,NA,QC0631,2017-06-27,2017,GA,QC0631,GA2017
QC 0633,2017-06-27T16:36:00Z,GA,NA,240.3,0.65133333,5833333.33,10183333.3,3.83516484,4.89285714,1.18113515,NA,QC0633,2017-06-27,2017,GA,QC0633,GA2017
QC 0636,2017-06-27T16:46:00Z,GA,NA,220,0.66733333,4823333.33,7637000,3.68956044,4.85714286,1.17014935,NA,QC0636,2017-06-27,2017,GA,QC0636,GA2017
QC 0637,2017-06-27T16:49:00Z,GA,NA,184.2,0.86766667,3913333.33,4435333.33,3.71153846,4.53571429,1.17442427,NA,QC0637,2017-06-27,2017,GA,QC0637,GA2017
QC 0639,2017-06-27T16:54:00Z,GA,NA,191.6,0.73366667,3973333.33,5379333.33,3.8956044,4.62362637,1.09739725,NA,QC0639,2017-06-27,2017,GA,QC0639,GA2017
QC 0641,2017-06-27T16:59:00Z,GA,NA,211.1,0.74833333,6990000,9220000,3.83791209,5.01373626,1.29244194,NA,QC0641,2017-06-27,2017,GA,QC0641,GA2017
QC 0643,2017-06-27T17:04:00Z,GA,NA,224.4,0.791,4863333.33,6077333.33,3.78021978,5.00274725,1.14773262,NA,QC0643,2017-06-27,2017,GA,QC0643,GA2017
QC 0644,2017-06-27T17:07:20Z,GA,NA,209.9,0.83766667,6053333.33,7266333.33,3.72802198,4.89835165,1.21904633,NA,QC0644,2017-06-27,2017,GA,QC0644,GA2017
QC 0645,2017-06-27T17:10:40Z,GA,NA,219.4,0.84566667,5953333.33,7062000,4.08791209,4.73901099,1.22541486,NA,QC0645,2017-06-27,2017,GA,QC0645,GA2017
QC 0649,2017-06-27T17:20:40Z,GA,NA,208.4,0.85766667,8766666.67,10276666.7,3.91758242,4.96703297,1.26913035,NA,QC0649,2017-06-27,2017,GA,QC0649,GA2017
QC 0650,2017-06-27T17:23:00Z,GA,NA,208.5,0.89166667,8386666.67,9433333.33,3.68131868,4.72252747,1.27316729,NA,QC0650,2017-06-27,2017,GA,QC0650,GA2017
QC 0652,2017-06-27T17:27:40Z,GA,NA,240.4,0.92166667,9720000,10498333.3,3.84615385,4.87912088,1.25824076,NA,QC0652,2017-06-27,2017,GA,QC0652,GA2017
QC 0653,2017-06-27T17:29:40Z,GA,NA,224.6,0.84766667,3200000,3767333.33,3.93406593,4.91208791,1.23657024,NA,QC0653,2017-06-27,2017,GA,QC0653,GA2017
QC 0655,2017-06-27T17:34:20Z,GA,NA,219.9,0.82933333,6656666.67,8003333.33,3.82417582,4.92857143,1.25411747,NA,QC0655,2017-06-27,2017,GA,QC0655,GA2017
QC 0657,2017-06-27T17:38:40Z,GA,NA,213.1,0.83433333,7550000,8986666.67,3.82692308,4.90659341,1.27457041,NA,QC0657,2017-06-27,2017,GA,QC0657,GA2017
QC 0660,2017-06-27T17:46:00Z,GA,NA,230.2,0.91233333,7266666.67,7987000,3.72802198,4.65934066,1.20250212,NA,QC0660,2017-06-27,2017,GA,QC0660,GA2017
QC 0666,2017-07-11T15:20:00Z,GA,NA,243.4,0.90533333,8203333.33,9009666.67,3.92265193,4.83701657,1.222408,NA,QC0666,2017-07-11,2017,GA,QC0666,GA2017
QC 0667,2017-07-11T15:25:00Z,GA,NA,228.7,0.91666667,7633333.33,8334000,3.75690608,4.77624309,1.23197614,NA,QC0667,2017-07-11,2017,GA,QC0667,GA2017
QC 0668,2017-07-11T15:29:40Z,GA,NA,242.2,0.89266667,9753333.33,10978000,3.88674033,4.91160221,1.24717064,NA,QC0668,2017-07-11,2017,GA,QC0668,GA2017
QC 0670,2017-07-11T15:35:20Z,GA,NA,249.7,0.85933333,5066666.67,5783666.67,3.97237569,4.89226519,1.2057057,NA,QC0670,2017-07-11,2017,GA,QC0670,GA2017
QC 0674,2017-07-11T15:51:00Z,GA,NA,239.2,0.85566667,6850000,8030666.67,3.83149171,4.87292818,1.222408,NA,QC0674,2017-07-11,2017,GA,QC0674,GA2017
QC 0675,2017-07-11T15:55:20Z,GA,NA,262.1,0.911,8956666.67,9794333.33,4,5.08287293,1.22925224,NA,QC0675,2017-07-11,2017,GA,QC0675,GA2017
QC 0677,2017-07-12T11:16:00Z,GA,NA,243.4,0.915,6066666.67,6621666.67,3.81643836,5.00821918,1.22865587,NA,QC0677,2017-07-12,2017,GA,QC0677,GA2017
QC 0679,2017-07-12T11:23:00Z,GA,NA,244.8,0.894,8370000,9341333.33,3.74794521,4.92328767,1.1644593,NA,QC0679,2017-07-12,2017,GA,QC0679,GA2017
QC 0680,2017-07-12T11:26:40Z,GA,NA,216.7,0.91333333,6550000,7266666.67,3.67671233,4.77808219,1.14171221,NA,QC0680,2017-07-12,2017,GA,QC0680,GA2017
QC 0681,2017-07-12T11:29:00Z,GA,NA,228.7,0.85933333,4153333.33,4900000,3.83835616,4.70136986,1.26020098,NA,QC0681,2017-07-12,2017,GA,QC0681,GA2017
QC 0682,2017-07-12T11:32:00Z,GA,NA,235.4,0.88533333,5463333.33,6136000,3.92876712,5.00821918,1.15889789,NA,QC0682,2017-07-12,2017,GA,QC0682,GA2017
QC 0684,2017-07-12T11:38:00Z,GA,NA,235.7,0.89666667,6263333.33,6994000,3.80273973,5.00547945,1.16648474,NA,QC0684,2017-07-12,2017,GA,QC0684,GA2017
QC 0685,2017-07-12T11:42:00Z,GA,NA,227.8,0.76633333,3890000,4994333.33,3.77808219,4.8739726,1.17811415,NA,QC0685,2017-07-12,2017,GA,QC0685,GA2017
QC 0726,2017-08-02T13:25:00Z,GA,NA,181.5,0.855,5450000,6395666.67,4.91689751,3.86703601,1.31837662,NA,QC0726,2017-08-02,2017,GA,QC0726,GA2017
QC 0733,2017-08-02T13:14:00Z,GA,NA,230.4,0.821,6813333.33,8293333.33,3.69806094,4.87811634,1.28788111,NA,QC0733,2017-08-02,2017,GA,QC0733,GA2017
QC 0736,2017-08-15T14:04:00Z,USA,NA,170.9,0.819,4676666.67,5707666.67,3.42228739,4.46041056,1.21846009,NA,QC0736,2017-08-15,2017,USA,QC0736,USA2017
QC 0737,2017-08-15T14:06:40Z,USA,NA,197.6,0.82566667,5980000,7236000,3.71847507,4.8914956,1.2623244,NA,QC0737,2017-08-15,2017,USA,QC0737,USA2017
QC 0738,2017-08-15T14:11:00Z,USA,NA,172.1,0.72333333,4156666.67,5623000,3.69794721,4.47214076,1.20515938,NA,QC0738,2017-08-15,2017,USA,QC0738,USA2017
QC 0739,2017-08-15T14:13:40Z,USA,NA,180.2,0.64366667,274333.333,424600,3.7888563,4.72140762,1.23141711,NA,QC0739,2017-08-15,2017,USA,QC0739,USA2017
QC 0741,2017-08-15T14:20:00Z,USA,NA,199.2,0.606,3026666.67,4960000,3.63929619,4.83577713,1.24916643,NA,QC0741,2017-08-15,2017,USA,QC0741,USA2017
QC 0746,2017-08-15T14:36:20Z,USA,NA,198.9,0.68066667,4880000,7063333.33,3.86510264,5.1085044,1.28872162,NA,QC0746,2017-08-15,2017,USA,QC0746,USA2017
QC 0753,2017-08-15T14:58:00Z,USA,NA,187.4,0.78266667,5766666.67,7441000,3.63049853,4.83284457,1.18747614,NA,QC0753,2017-08-15,2017,USA,QC0753,USA2017
QC 0754,2017-08-16T15:55:40Z,USA,NA,199.5,0.81033333,4333333.33,5351666.67,3.8356546,4.93314763,1.28278475,NA,QC0754,2017-08-16,2017,USA,QC0754,USA2017
QC 0755,2017-08-16T16:00:00Z,USA,NA,152.1,0.812,2500000,3069666.67,3.57103064,4.44011142,1.14908351,NA,QC0755,2017-08-16,2017,USA,QC0755,USA2017
QC 0757,2017-08-16T16:06:00Z,USA,NA,194,0.78566667,4096666.67,5266000,3.77994429,4.78830084,1.2603078,NA,QC0757,2017-08-16,2017,USA,QC0757,USA2017
QC 0758,2017-08-16T16:08:20Z,USA,NA,168.8,0.77333333,3096666.67,3993666.67,3.63788301,4.63788301,1.24205249,NA,QC0758,2017-08-16,2017,USA,QC0758,USA2017
QC 0762,2017-08-16T16:19:00Z,USA,NA,190.4,0.852,4696666.67,5341000,3.77994429,5.05013928,1.40784999,NA,QC0762,2017-08-16,2017,USA,QC0762,USA2017
QC 0763,2017-08-16T14:25:00Z,USA,NA,196.5,0.68933333,1583333.33,2303000,3.79387187,4.89972145,1.29505594,NA,QC0763,2017-08-16,2017,USA,QC0763,USA2017
QC 0765,2017-08-16T16:25:20Z,USA,NA,204.5,0.92866667,8480000,9122333.33,3.84679666,4.97771588,1.2491905,NA,QC0765,2017-08-16,2017,USA,QC0765,USA2017
QC 0769,2017-08-16T16:36:20Z,USA,NA,202.3,0.89433333,10156666.7,11380333.3,3.84958217,4.89972145,1.24930122,NA,QC0769,2017-08-16,2017,USA,QC0769,USA2017
QC 0772,2017-08-16T16:44:40Z,USA,NA,226.5,0.90266667,8476666.67,9370666.67,3.67688022,4.94150418,1.21578123,NA,QC0772,2017-08-16,2017,USA,QC0772,USA2017
QC 0774,2017-08-16T16:50:00Z,USA,NA,202.5,0.85266667,6276666.67,7370666.67,3.7632312,5.05571031,1.29456763,NA,QC0774,2017-08-16,2017,USA,QC0774,USA2017
QC 0778,2017-08-16T17:02:00Z,USA,NA,163.8,0.907,6396666.67,7041000,3.57660167,4.71030641,1.21129157,NA,QC0778,2017-08-16,2017,USA,QC0778,USA2017
QC 0779,2017-08-16T17:05:00Z,USA,NA,190.7,0.88766667,9846666.67,11099000,3.7632312,4.8189415,1.34231356,NA,QC0779,2017-08-16,2017,USA,QC0779,USA2017
QC 0785,2017-08-17T11:15:00Z,USA,NA,187.6,0.91433333,3896666.67,4256333.33,3.84444444,4.85,1.34712639,NA,QC0785,2017-08-17,2017,USA,QC0785,USA2017
QC 0788,2017-08-17T11:31:00Z,USA,NA,178.3,0.70566667,4413333.33,6256666.67,3.76111111,4.75833333,1.16662778,NA,QC0788,2017-08-17,2017,USA,QC0788,USA2017
QC 0790,2017-08-17T11:40:20Z,USA,NA,201.2,0.871,4936666.67,5652000,3.84444444,4.83888889,1.24968901,NA,QC0790,2017-08-17,2017,USA,QC0790,USA2017
QC 0791,2017-08-17T11:45:00Z,USA,NA,190.5,0.82366667,4626666.67,5599000,3.75555556,4.61388889,1.27083046,NA,QC0791,2017-08-17,2017,USA,QC0791,USA2017
QC 0794,2017-08-17T11:57:00Z,USA,NA,203.9,0.89033333,5390000,6049333.33,3.74722222,4.90277778,1.21665486,NA,QC0794,2017-08-17,2017,USA,QC0794,USA2017
QC 0795,2017-08-17T12:01:00Z,USA,NA,192.4,0.84766667,2773333.33,3252666.67,3.7,4.79722222,1.14586589,NA,QC0795,2017-08-17,2017,USA,QC0795,USA2017
QC 0796,2017-08-17T13:02:00Z,USA,NA,201.1,0.83966667,4103333.33,4909333.33,3.69444444,4.90833333,1.15406735,NA,QC0796,2017-08-17,2017,USA,QC0796,USA2017
QC 0797,2017-08-17T13:06:00Z,USA,NA,202.6,0.74566667,3336666.67,4471333.33,3.83888889,5.03888889,1.28166136,NA,QC0797,2017-08-17,2017,USA,QC0797,USA2017
QC 0798,2017-08-17T13:10:00Z,USA,NA,188,0.86266667,5523333.33,6418666.67,3.78333333,4.875,1.13753621,NA,QC0798,2017-08-17,2017,USA,QC0798,USA2017
QC 0799,2017-08-17T13:14:00Z,USA,NA,212.4,0.89666667,5176666.67,5745000,3.81388889,4.89722222,1.2750945,NA,QC0799,2017-08-17,2017,USA,QC0799,USA2017
QC 0801,2017-08-17T13:22:20Z,USA,NA,184.6,0.733,3890000,5326000,3.69722222,4.89166667,1.06615228,NA,QC0801,2017-08-17,2017,USA,QC0801,USA2017
QC 0802,2017-08-17T13:28:00Z,USA,NA,197.3,0.87,6100000,6982666.67,3.76944444,4.925,1.11666453,NA,QC0802,2017-08-17,2017,USA,QC0802,USA2017
QC 0803,2017-08-17T13:31:00Z,USA,NA,185.9,0.86933333,3836666.67,4375666.67,3.66944444,4.79444444,1.11672172,NA,QC0803,2017-08-17,2017,USA,QC0803,USA2017
QC 0806,2017-08-17T13:46:00Z,USA,NA,195.7,0.80733333,1940000,2389666.67,3.6920904,4.84745763,1.21901386,NA,QC0806,2017-08-17,2017,USA,QC0806,USA2017
QC 0807,2017-08-17T13:51:00Z,USA,NA,179,0.917,3940000,4299333.33,3.79378531,4.8700565,1.23727612,NA,QC0807,2017-08-17,2017,USA,QC0807,USA2017
QC 0813,2017-08-17T14:15:00Z,USA,NA,168.9,0.90566667,6466666.67,7064666.67,3.6920904,4.53672316,1.16474663,NA,QC0813,2017-08-17,2017,USA,QC0813,USA2017
QC 0814,2017-08-18T11:07:00Z,USA,NA,188.6,0.92833333,6263333.33,6774333.33,3.75492958,5.01971831,1.31967693,NA,QC0814,2017-08-18,2017,USA,QC0814,USA2017
QC 0815,2017-08-18T11:12:00Z,USA,NA,189,0.86633333,3173333.33,3651000,3.72112676,4.96338028,1.29569959,NA,QC0815,2017-08-18,2017,USA,QC0815,USA2017
QC 0817,2017-08-18T11:31:20Z,USA,NA,182.2,0.88533333,2403333.33,2702666.67,3.72112676,4.85070423,1.2504972,NA,QC0817,2017-08-18,2017,USA,QC0817,USA2017
QC 0818,2017-08-18T11:37:00Z,USA,NA,151.1,0.90766667,4256666.67,4690666.67,3.61408451,4.6084507,1.1197462,NA,QC0818,2017-08-18,2017,USA,QC0818,USA2017
QC 0820,2017-08-18T11:46:00Z,USA,NA,167.3,0.93133333,5056666.67,5429333.33,3.56056338,4.77746479,1.19723988,NA,QC0820,2017-08-18,2017,USA,QC0820,USA2017
QC 0822,2017-08-18T11:58:00Z,USA,NA,200,0.936,8026666.67,8579333.33,3.7915493,4.94084507,1.27183423,NA,QC0822,2017-08-18,2017,USA,QC0822,USA2017
QC 0823,2017-08-18T12:03:20Z,USA,NA,175.7,0.89366667,2820000,3150300,3.75211268,4.78028169,1.18736817,NA,QC0823,2017-08-18,2017,USA,QC0823,USA2017
QC 0824,2017-09-20T15:37:00Z,GA,NA,211.9,0.83533333,6796666.67,8184000,3.77437326,5.07520891,1.18616772,NA,QC0824,2017-09-20,2017,GA,QC0824,GA2017
QC 0827,2017-09-20T15:46:20Z,GA,NA,241.9,0.889,4136666.67,4661000,3.88857939,5.13091922,1.28808006,NA,QC0827,2017-09-20,2017,GA,QC0827,GA2017
QC 0829,2017-09-20T15:52:00Z,GA,NA,216.3,0.896,8896666.67,9912666.67,3.84679666,4.92479109,1.26182759,NA,QC0829,2017-09-20,2017,GA,QC0829,GA2017
QC 0834,2017-09-26T13:21:00Z,HI,NA,170.5,0.87566667,6913333.33,7906333.33,3.63812155,4.6519337,1.26108482,NA,QC0834,2017-09-26,2017,HI,QC0834,HI2017
QC 0835,2017-09-26T13:25:40Z,HI,NA,180.4,0.79466667,4436666.67,5576666.67,3.70441989,4.67403315,1.17798012,NA,QC0835,2017-09-26,2017,HI,QC0835,HI2017
QC 0837,2017-09-26T13:37:20Z,HI,NA,150.5,0.91366667,2390000,2615666.67,3.60497238,4.46132597,1.12429029,NA,QC0837,2017-09-26,2017,HI,QC0837,HI2017
QC 0839,2017-09-26T13:47:00Z,HI,NA,189.8,0.87033333,3936666.67,4536333.33,3.72099448,4.74309392,1.29558024,NA,QC0839,2017-09-26,2017,HI,QC839,HI2017
QC 0842,2017-09-26T14:01:00Z,HI,NA,174.6,0.81366667,4533333.33,5570333.33,3.55248619,4.40331492,1.20165759,NA,QC0842,2017-09-26,2017,HI,QC0842,HI2017
QC 0845,2017-09-26T14:13:00Z,HI,NA,183.7,0.97066667,3806666.67,3926000,3.80662983,4.99447514,1.21380945,NA,QC0845,2017-09-26,2017,HI,QC0845,HI2017
QC 0849,2017-09-26T14:41:20Z,HI,NA,166.6,0.94933333,7723333.33,8141000,3.67955801,4.49447514,1.2141776,NA,QC0849,2017-09-26,2017,HI,QC0849,HI2017
QC 0852,2017-09-26T15:10:40Z,HI,NA,178.7,0.95433333,5633333.33,5902333.33,3.80662983,4.93093923,1.1974741,NA,QC0852,2017-09-26,2017,HI,QC0852,HI2017
QC 0853,2017-09-26T15:14:00Z,HI,NA,165.7,0.92433333,4936666.67,5341333.33,3.70994475,4.61049724,1.19312936,NA,QC0853,2017-09-26,2017,HI,QC0853,HI2017
QC 0856,2017-09-26T15:26:00Z,HI,NA,183,0.94933333,7286666.67,7676333.33,3.81767956,4.9281768,1.24318721,NA,QC0856,2017-09-26,2017,HI,QC0856,HI2017
QC 0857,2017-09-26T15:30:00Z,HI,NA,157.1,0.88433333,5140000,5812666.67,3.67955801,4.79281768,1.16849786,NA,QC0857,2017-09-26,2017,HI,QC0857,HI2017
QC 0859,2017-09-26T15:36:40Z,HI,NA,187.8,0.96666667,6196666.67,6420933.33,3.92265193,4.86464088,1.22228082,NA,QC0859,2017-09-26,2017,HI,QC0859,HI2017
QC 0860,2017-09-26T15:40:00Z,HI,NA,170.3,0.985,6173333.33,6263633.33,3.60497238,4.62983425,1.18364944,NA,QC0860,2017-09-26,2017,HI,QC0860,HI2017
QC 0865,2017-09-26T15:57:20Z,HI,NA,192.4,0.75833333,6013333.33,7933333.33,3.80939227,5.03038674,1.21282848,NA,QC0865,2017-09-26,2017,HI,QC0865,HI2017
QC 0866,2017-09-27T15:22:40Z,GA,NA,191.9,0.90766667,7986666.67,8719666.67,3.74033149,4.89502762,1.18925087,NA,QC0866,2017-09-27,2017,GA,QC0866,GA2017
QC 0867,2017-09-27T15:25:00Z,GA,NA,193.9,0.83666667,4766666.67,5677333.33,3.63259669,4.63259669,1.02359551,NA,QC0867,2017-09-27,2017,GA,QC0867,GA2017
QC 0870,2017-09-27T15:35:20Z,GA,NA,202.7,0.92033333,10350000,11351333.3,3.6519337,4.82596685,1.22236031,NA,QC0870,2017-09-27,2017,GA,QC0870,GA2017
QC 0872,2017-09-27T15:42:00Z,GA,NA,206.2,0.812,5070000,6162333.33,3.88950276,4.90331492,1.26377085,NA,QC0872,2017-09-27,2017,GA,QC0872,GA2017
QC 0877,2017-09-27T16:00:00Z,GA,NA,191.2,0.84333333,7470000,8921000,3.8480663,4.8480663,1.17261487,NA,QC0877,2017-09-27,2017,GA,QC0877,GA2017
QC 0880,2017-09-27T16:09:00Z,GA,NA,187.5,0.82266667,336000,456433.333,3.78453039,4.74585635,1.10479339,NA,QC0880,2017-09-27,2017,GA,QC0880,GA2017
QC 0887,2017-09-27T16:30:20Z,PA,NA,146.7,0.84366667,5426666.67,6459666.67,3.53314917,4.48618785,1.10603712,NA,QC0887,2017-09-27,2017,PA,QC0887,PA2017
QC 0896,2017-10-25T17:50:40Z,GA,NA,210.7,0.87666667,7410000,8516000,3.815427,4.99173554,1.18558356,NA,QC0896,2017-10-25,2017,GA,QC0896,GA2017
QC 0897,2017-10-25T17:53:20Z,GA,NA,214.3,0.883,9953333.33,11255666.7,3.86225895,4.90358127,1.3048964,NA,QC0897,2017-10-25,2017,GA,QC0897,GA2017
QC 0905,2017-10-25T18:24:40Z,HI,NA,205.6,0.87966667,8443333.33,9607000,3.77961433,4.76584022,1.26850466,NA,QC0905,2017-10-25,2017,HI,QC0905,HI2017
QC 0906,2017-10-25T18:26:40Z,HI,NA,178.1,0.862,8426666.67,9693333.33,3.82093664,4.82369146,1.27271389,NA,QC0906,2017-10-25,2017,HI,QC0906,HI2017
QC 0907,2017-10-25T18:29:00Z,HI,NA,215.6,0.91933333,8570000,9304000,3.63911846,4.89807163,1.21395298,NA,QC0907,2017-10-25,2017,HI,QC0907,HI2017
QC 0910,2017-10-25T18:38:00Z,HI,NA,184.4,0.90533333,8830000,9862333.33,3.5785124,4.86501377,1.29756343,NA,QC0910,2017-10-25,2017,HI,QC0910,HI2017
QC 0911,2017-10-25T18:41:20Z,HI,NA,214,0.89333333,7710000,8683000,3.83746556,4.94214876,1.20366931,NA,QC0911,2017-10-25,2017,HI,QC0911,HI2017
QC 0913,2017-10-25T18:47:00Z,HI,NA,183.7,0.81066667,6496666.67,7963333.33,3.75482094,4.89807163,1.21329613,NA,QC0913,2017-10-25,2017,HI,QC0913,HI2017
QC 0914,2017-10-25T18:50:00Z,HI,NA,207.3,0.89,9056666.67,10221666.7,3.79889807,4.98898072,1.26032773,NA,QC0914,2017-10-25,2017,HI,QC0914,HI2017
QC 0924,2017-10-25T19:19:00Z,HI,NA,207.6,0.851,6970000,8284666.67,3.7630854,4.98347107,1.25735718,NA,QC0924,2017-10-25,2017,HI,QC0924,HI2017
QC 0925,2017-10-25T19:21:40Z,HI,NA,192,0.83933333,6400000,7579333.33,3.80165289,4.80991736,1.12813509,NA,QC0925,2017-10-25,2017,HI,QC0925,HI2017
QC 0926,2017-10-25T19:24:20Z,HI,NA,201.8,0.901,7833333.33,8924133.33,3.89256198,4.91735537,1.28373932,NA,QC0926,2017-10-25,2017,HI,QC0926,HI2017
QC 0928,2017-10-25T19:29:00Z,HI,NA,206.7,0.874,4963333.33,5680333.33,3.90358127,5.03581267,1.27660652,NA,QC0928,2017-10-25,2017,HI,QC0928,HI2017
QC 0931,2017-10-25T19:36:00Z,HI,NA,201.6,0.797,7546666.67,9473333.33,3.6969697,4.85399449,1.22294199,NA,QC0931,2017-10-25,2017,HI,QC0931,HI2017
QC 0936,2017-10-25T19:48:00Z,HI,NA,180.8,0.805,8716666.67,10906666.7,3.77410468,4.78787879,1.21344744,NA,QC0936,2017-10-25,2017,HI,QC0936,HI2017
QC 0937,2017-10-25T19:51:00Z,HI,NA,164.9,0.85433333,5043333.33,5863333.33,3.5785124,4.54269972,1.10327924,NA,QC0937,2017-10-25,2017,HI,QC0937,HI2017
QC 0941,2018-02-01T12:31:00Z,NCA,NA,228.7,0.94633333,8343333.33,8823333.33,3.7768595,4.93663912,1.44074394,NA,QC0941,2018-02-01,2018,CA,QC0941,CA2018
QC 0945,2018-03-20T15:13:09Z,GA,NA,214.5,0.849,10810000,12713333.3,3.9477,5.0165,1.330438,NA,QC0945,2018-03-20,2018,GA,QC0945,GA2018
QC 0948,2018-03-20T15:32:14Z,GA,NA,231.6,0.65366667,1306666.67,1998000,3.8512,4.9008,1.30150003,NA,QC0948,2018-03-20,2018,GA,QC0948,GA2018
QC 0951,2018-03-20T15:49:56Z,GA,NA,229.2,0.86266667,7876666.67,8816333.33,3.9532,4.8981,1.35125978,NA,QC0951,2018-03-20,2018,GA,QC0951,GA2018
QC 0955,2018-03-20T16:18:24Z,GA,NA,225.6,0.86833333,11866666.7,13573333.3,3.865,4.9642,1.32920594,NA,QC0955,2018-03-20,2018,GA,QC0955,GA2018
QC 0957,2018-03-20T16:29:58Z,GA,NA,211.4,0.872,7850000,8983666.67,3.8044,4.9559,1.21046633,NA,QC0957,2018-03-20,2018,GA,NA,GA2018
QC 0958,2018-03-20T16:35:13Z,GA,NA,217.9,0.84933333,9320000,10934333.3,3.7824,4.8457,1.1969599,NA,QC0958,2018-03-20,2018,GA,QC0958,GA2018
QC 0959,2018-03-20T16:42:58Z,GA,NA,229.2,0.77333333,5476666.67,7237666.67,3.6804,4.8127,1.21715025,NA,QC0959,2018-03-20,2018,GA,QC0959,GA2018
QC 0962,2018-03-22T12:39:27Z,NCA,NA,225.4,0.91366667,9860000,10769000,3.7253,4.7115,1.28571429,NA,QC0962,2018-03-22,2018,CA,QC0962,CA2018
QC 0963,2018-03-22T12:46:49Z,NCA,NA,228.4,0.86333333,10406666.7,12144000,3.7836,4.9562,1.20823323,NA,QC0963,2018-03-22,2018,CA,QC0963,CA2018
QC 0966,2018-03-22T13:02:00Z,NCA,NA,209.6,0.75966667,12400000,16416666.7,3.5815,4.8397,1.1589509,NA,QC0966,2018-03-22,2018,CA,QC0966,CA2018
QC 0969,2018-03-22T13:13:49Z,NCA,NA,193.3,0.91,6243333.33,6856000,3.69,4.7682,1.17224173,NA,QC0969,2018-03-22,2018,CA,QC0969,CA2018
QC 0970,2018-03-22T13:17:08Z,NCA,NA,177.7,0.72966667,7216666.67,9900000,3.4973,4.6962,0.99850613,NA,QC0970,2018-03-22,2018,CA,QC0970,CA2018
QC 0971,2018-03-29T11:43:18Z,GA,NA,205.9,0.83666667,4956666.67,5851666.67,3.6704,4.9806,1.37339062,NA,QC0971,2018-03-29,2018,GA,QC0971,GA2018
QC 0972,2018-03-29T11:51:18Z,GA,NA,243.8,0.941,7556666.67,7990666.67,3.8837,5.0609,1.2585012,NA,QC0972,2018-03-29,2018,GA,QC0972,GA2018
QC 0974,2018-03-29T11:58:54Z,GA,NA,217.6,0.91333333,5803333.33,6358666.67,3.9307,4.9086,1.17179511,NA,QC0974,2018-03-29,2018,GA,QC0974,GA2018
QC 0978,2018-03-29T12:43:55Z,GA,NA,209.7,0.49,1976666.67,4156666.67,3.8421,4.8116,1.26861948,NA,QC0978,2018-03-29,2018,GA,QC0978,GA2018
QC 0983,2018-03-29T13:10:19Z,GA,NA,204,0.91733333,8893333.33,9701333.33,3.7645,4.6898,1.26326003,NA,QC0983,2018-03-29,2018,GA,QC0983,GA2018
QC 0987,2018-03-29T13:20:12Z,GA,NA,232,0.921,9366666.67,10158666.7,3.7978,4.8255,1.16703628,NA,QC0987,2018-03-29,2018,GA,QC0987,GA2018
QC 0991,2018-03-29T13:31:08Z,GA,NA,221,0.91566667,10210000,11152333.3,3.7839,4.8393,1.19666728,NA,QC0991,2018-03-29,2018,GA,QC0991,GA2018
QC 0993,2018-03-29T13:36:57Z,GA,NA,216.7,0.85533333,9633333.33,11246666.7,3.8199,4.7036,1.26869648,NA,QC0993,2018-03-29,2018,GA,QC0993,GA2018
QC 0995,2018-04-04T13:31:03Z,GA,NA,238.5,0.81,7846666.67,9810000,3.7775,5.0302,1.27186903,NA,QC0995,2018-04-04,2018,GA,QC0995,GA2018
QC 0996,2018-04-04T13:34:47Z,GA,NA,263.5,0.938,5376666.67,5737333.33,3.9643,5.1401,1.31183392,NA,QC0996,2018-04-04,2018,GA,QC0996,GA2018
QC 0997,2018-04-04T13:37:33Z,GA,NA,232.8,0.87066667,7140000,8199666.67,3.9231,5.0247,1.12862687,NA,QC0997,2018-04-04,2018,GA,QC0997,GA2018
QC 0999,2018-04-04T13:44:17Z,GA,NA,222.3,0.777,4246666.67,5499333.33,3.6731,4.978,1.23635496,NA,QC0999,2018-04-04,2018,GA,QC0999,GA2018
QC 1001,2018-04-04T13:51:17Z,GA,NA,210.4,0.904,8530000,9490000,3.9231,4.9643,1.28559108,NA,QC1001,2018-04-04,2018,GA,QC1001,GA2018
QC 1003,2018-04-04T13:58:10Z,GA,NA,226.9,0.828,7573333.33,9202666.67,3.7775,4.8571,1.27380952,NA,QC1003,2018-04-04,2018,GA,QC1003,GA2018
QC 1004,2018-04-04T14:01:36Z,GA,NA,208.3,0.80633333,7966666.67,9876666.67,3.8104,4.956,1.29812727,NA,QC1004,2018-04-04,2018,GA,QC1004,GA2018
QC 1007,2018-04-04T14:10:56Z,GA,NA,223.7,0.884,9746666.67,11003333.3,3.6401,4.8132,1.22335674,NA,QC1007,2018-04-04,2018,GA,QC1007,GA2018
QC 1008,2018-04-05T13:37:56Z,NCA,NA,191.9,0.87033333,9573333.33,11036000,3.737,4.8685,1.24100598,NA,QC1008,2018-04-05,2018,CA,QC1008,CA2018
QC 1009,2018-04-05T13:42:02Z,NCA,NA,195.2,0.949,8420000,8944366.67,3.7918,4.7534,1.2203074,NA,QC1009,2018-04-05,2018,CA,QC1009,CA2018
QC 1010,2018-04-05T13:46:35Z,NCA,NA,189.4,0.875,5316666.67,6018333.33,3.7233,4.7589,1.22184747,NA,QC1010,2018-04-05,2018,CA,QC1010,CA2018
QC 1011,2018-04-05T13:50:02Z,NCA,NA,207.3,0.944,4523333.33,4806666.67,3.6712,4.7288,1.16703628,NA,QC1011,2018-04-05,2018,CA,QC1011,CA2018
QC 1013,2018-04-05T14:01:58Z,NCA,NA,202.8,0.889,151366.667,181533.333,3.7178,4.8438,1.20823323,NA,QC1013,2018-04-05,2018,CA,QC1013,CA2018
QC 1015,2018-04-05T14:11:02Z,NCA,NA,200.9,0.89933333,1423333.33,1602666.67,3.6055,4.6658,1.09212715,NA,QC1015,2018-04-05,2018,CA,QC1015,CA2018
QC 1019,2018-04-11T13:16:52Z,GA,NA,214.5,0.92,6936666.67,7551666.67,3.8485,5.1157,1.23553872,NA,QC1019,2018-04-11,2018,GA,QC1019,GA2018
QC 1025,2018-04-11T13:34:40Z,GA,NA,248.5,0.93033333,9176666.67,9882333.33,3.8292,4.9835,1.1694696,NA,QC1025,2018-04-11,2018,GA,QC1025,GA2018
QC 1028,2018-04-17T14:37:13Z,GA,NA,247.7,0.94233333,5383333.33,5742966.67,3.8828,5.0681,1.29153576,NA,QC1028,2018-04-17,2018,GA,QC1028,GA2018
QC 1044,2018-06-05T13:45:40Z,GA,NA,223.1,0.89166667,2903333.33,3292333.33,3.82336182,4.85185185,1.14957965,NA,QC1044,2018-06-05,2018,GA,QC1044,GA2018
QC 1045,2018-06-05T13:49:40Z,GA,NA,212.3,0.90566667,6520000,7192666.67,4.01709402,5.02564103,1.23506035,NA,QC1045,2018-06-05,2018,GA,QC1045,GA2018
QC 1048,2018-06-05T14:01:40Z,GA,NA,204.9,0.872,4753333.33,5443000,3.80911681,4.87464387,1.29487221,NA,QC1048,2018-06-05,2018,GA,QC1048,GA2018
QC 1049,2018-06-05T14:05:00Z,GA,NA,191.4,0.883,6546666.67,7413666.67,3.68091168,4.95156695,1.23485951,NA,QC1049,2018-06-05,2018,GA,QC1049,GA2018
QC 1050,2018-06-05T14:08:20Z,GA,NA,216.3,0.918,11366666.7,12366333.3,3.85754986,5.02849003,1.28194194,NA,QC1050,2018-06-05,2018,GA,QC1050,GA2018
QC 1053,2018-06-05T14:16:40Z,GA,NA,219.1,0.828,5513333.33,6651333.33,3.96581197,5.07122507,1.16670381,NA,QC1053,2018-06-05,2018,GA,QC1053,GA2018
QC 1063,2018-06-13T14:30:40Z,NCA,NA,188.6,0.84533333,5516666.67,6456000,3.71388889,4.95555556,1.20400434,NA,QC1063,2018-06-13,2018,CA,QC1063,CA2018
QC 1068,2018-06-13T14:46:00Z,NCA,NA,194.2,0.913,5646666.67,6170666.67,3.71780822,4.9369863,1.23004354,NA,QC1068,2018-06-13,2018,CA,QC1068,CA2018
QC 1071,2018-06-13T14:52:40Z,GA,NA,236.1,0.774,3773333.33,4921333.33,3.74861878,4.94198895,1.27488525,NA,QC1071,2018-06-13,2018,GA,QC1071,GA2018
QC 1072,2018-06-13T14:55:00Z,GA,NA,212.6,0.91,8330000,9156000,3.74861878,4.82044199,1.23481992,NA,QC1072,2018-06-13,2018,GA,QC1072,GA2018
QC 1073,2018-06-13T14:57:20Z,GA,NA,230.5,0.88633333,8823333.33,9973000,3.90883978,4.85082873,1.23440676,NA,QC1073,2018-06-13,2018,GA,QC1073,GA2018
QC 1074,2018-06-13T14:59:40Z,GA,NA,221.3,0.871,5916666.67,6752666.67,3.80110497,4.85082873,1.2554711,NA,QC1074,2018-06-13,2018,GA,QC1074,GA2018
QC 1081,2018-06-13T15:15:00Z,GA,NA,230,0.88033333,8716666.67,9956333.33,3.83516484,4.81868132,1.31046574,NA,QC1081,2018-06-13,2018,GA,QC1081,GA2018
QC 1108,2018-07-18T12:17:00Z,GA,NA,229.7,0.952,7083333.33,7441666.67,3.80939227,4.77071823,1.24724075,NA,QC1108,2018-07-18,2018,GA,QC1108,GA2018
QC 1109,2018-07-18T12:21:00Z,GA,NA,205.8,0.92733333,4180000,4509000,3.92265193,4.94198895,1.23056757,NA,QC1109,2018-07-18,2018,GA,QC1109,GA2018
QC 1110,2018-07-18T12:25:00Z,GA,NA,238.1,0.94333333,7340000,7773166.67,3.84254144,5.05801105,1.30529682,NA,QC1110,2018-07-18,2018,GA,QC1110,GA2018
QC 1111,2018-07-18T12:27:40Z,GA,NA,205.7,0.90866667,7960000,8768000,3.59116022,4.69337017,1.23614504,NA,QC1111,2018-07-18,2018,GA,QC1111,GA2018
QC 1112,2018-07-18T12:30:20Z,GA,NA,228.4,0.871,3503333.33,4025333.33,3.70718232,4.91160221,1.18925087,NA,QC1112,2018-07-18,2018,GA,QC1112,GA2018
QC 1119,2018-07-18T12:50:00Z,GA,NA,243.2,0.948,6573333.33,6931666.67,3.75690608,4.79005525,1.25538596,NA,QC1119,2018-07-18,2018,GA,QC1119,GA2018
QC 1120,2018-07-18T12:53:00Z,GA,NA,199.8,0.95733333,6943333.33,7258000,3.64640884,4.44475138,1.2141776,NA,QC1120,2018-07-18,2018,GA,QC1120,GA2018
QC 1122,2018-07-18T13:00:00Z,GA,NA,243.7,0.95733333,5256666.67,5495000,3.76243094,4.78729282,1.22943007,NA,QC1122,2018-07-18,2018,GA,QC1122,GA2018
QC 1124,2018-07-18T13:08:40Z,GA,NA,204.8,0.93766667,4476666.67,4790666.67,3.64364641,4.59392265,1.16411593,NA,QC1124,2018-07-18,2018,GA,QC1124,GA2018
QC 1130,2018-07-26T15:02:00Z,NC,NA,221.5,0.942,5806666.67,6107333.33,3.87222222,5.13333333,1.30134808,NA,QC1130,2018-07-26,2018,NC,QC1130,NC2018
QC 1134,2018-07-26T15:11:20Z,NC,NA,218.7,0.88866667,3413333.33,3835333.33,3.76111111,5.05,1.19167712,NA,QC1134,2018-07-26,2018,NC,QC1134,NC2018
QC 1135,2018-07-26T15:13:40Z,NC,NA,202.1,0.86433333,6556666.67,7555333.33,3.675,4.85555556,1.17901275,NA,QC1135,2018-07-26,2018,NC,QC1135,NC2018
QC 1139,2018-08-01T15:08:00Z,GA,NA,238.4,0.87266667,5133333.33,5850666.67,3.73756906,4.93922652,1.20062219,NA,QC1139,2018-08-01,2018,GA,QC1139,GA2018
QC 1140,2018-08-01T15:11:40Z,GA,NA,217.4,0.85066667,5296666.67,5910000,3.70994475,5.01104972,1.25552527,NA,QC1140,2018-08-01,2018,GA,QC1146,GA2018
QC 1147,2018-08-14T11:41:00Z,GA,NA,232.2,0.61566667,572000,916333.333,3.73901099,4.71153846,1.17707239,NA,QC1147,2018-08-14,2018,GA,QC1147,GA2018
QC 1148,2018-08-16T15:46:20Z,GA,NA,228,0.002,14866.6667,6461533.33,3.80886427,4.75069252,1.33447798,NA,QC1148,2018-08-16,2018,GA,QC1148,GA2018
QC 1154,2018-08-16T16:04:40Z,GA,NA,179,0.95566667,3760000,3953666.67,3.79778393,4.73684211,1.14135288,NA,QC1154,2018-08-16,2018,GA,QC1154,GA2018
QC 1155,2018-08-16T16:07:20Z,GA,NA,209.1,0.82266667,3903333.33,4743000,3.71468144,4.94182825,1.23956927,NA,QC1155,2018-08-16,2018,GA,QC1155,GA2018
QC 1156,2018-08-16T16:11:00Z,GA,NA,219.9,0.83333333,6376666.67,7670000,3.85595568,5.00831025,1.25475899,NA,QC1156,2018-08-16,2018,GA,QC1156,GA2018
QC 1157,2018-08-16T16:14:00Z,GA,NA,238,0.836,5090000,5962666.67,3.89196676,5.07479224,1.24479963,NA,QC1157,2018-08-16,2018,GA,QC1157,GA2018
QC 1161,2018-08-16T16:25:20Z,GA,NA,202.9,0.95166667,5936666.67,6235533.33,3.75069252,4.80055402,1.2338259,NA,QC1161,2018-08-16,2018,GA,QC1161,GA2018
QC 1164,2018-08-16T16:33:00Z,GA,NA,205.6,0.90033333,2546666.67,2830000,3.7700831,4.71191136,1.26290436,NA,QC1164,2018-08-16,2018,GA,QC1164,GA2018
QC 1166,2018-08-21T14:21:40Z,GA,NA,216.1,0.9,5306666.67,5917333.33,3.85950413,4.74655647,1.165283,NA,QC1166,2018-08-21,2018,GA,QC1166,GA2018
QC 1168,2018-08-21T14:26:40Z,GA,NA,230.5,0.944,5653333.33,6012666.67,3.92011019,4.88705234,1.22728781,NA,QC1168,2018-08-21,2018,GA,QC1168,GA2018
QC 1170,2018-08-21T14:32:20Z,GA,NA,258.6,0.87333333,304900,380233.333,3.9862259,5.12672176,1.33303896,NA,QC1170,2018-08-21,2018,GA,QC1170,GA2018
QC 1171,2018-08-21T14:35:00Z,GA,NA,227.8,0.797,1810000,2243666.67,3.83471074,4.92561983,1.28924853,NA,QC1171,2018-08-21,2018,GA,QC1171,GA2018
QC 1176,2018-08-28T14:50:00Z,GA,NA,208.3,0.899,6053333.33,6739666.67,3.93055556,5.09722222,1.23882045,NA,QC1176,2018-08-28,2018,GA,QC1176,GA2018
QC 1180,2018-08-28T15:01:40Z,GA,NA,187.8,0.79033333,5863333.33,7326666.67,3.83055556,4.9,1.32510432,NA,QC1180,2018-08-28,2018,GA,QC1180,GA2018
QC 1182,2018-08-28T15:08:20Z,GA,NA,204,0.89266667,5806666.67,6508666.67,3.80555556,4.92777778,1.25845133,NA,QC1182,2018-08-28,2018,GA,QC1182,GA2018
QC 1187,2018-08-28T15:24:00Z,GA,NA,232,0.79266667,3290000,4156000,3.95277778,5.00277778,1.21928846,NA,QC1187,2018-08-28,2018,GA,QC1187,GA2018
QC 1188,2018-08-28T15:27:30Z,GA,NA,217.5,0.3775,1752500,4780000,3.64444444,4.95277778,1.20843103,NA,QC1188,2018-08-28,2018,GA,QC1188,GA2018
QC 1189,2018-08-29T14:13:00Z,GA,NA,216.9,0.85066667,5686666.67,6599000,3.7768595,4.7768595,1.27271389,NA,QC1189,2018-08-29,2018,GA,QC1189,GA2018
QC 1191,2018-08-29T14:18:00Z,GA,NA,253.7,0.84833333,4780000,5544000,3.94490358,5.03581267,1.23273969,NA,QC1191,2018-08-29,2018,GA,QC1191,GA2018
QC 1202,2018-09-05T11:47:20Z,GA,NA,216.9,0.93,2653333.33,2848666.67,3.68681319,4.80769231,1.12846858,NA,QC1202,2018-09-05,2018,GA,QC1202,GA2018
QC 1204,2018-09-05T11:53:00Z,GA,NA,258.8,0.859,4403333.33,5104333.33,4.08516484,5.03296703,1.27659317,NA,QC1204,2018-09-05,2018,GA,QC1204,GA2018
QC 1205,2018-09-26T12:17:40Z,GA,NA,214.1,0.83866667,7590000,9070000,3.94444444,4.95555556,1.25277083,NA,QC1205,2018-09-26,2018,GA,QC1205,GA2018
QC 1208,2018-09-26T13:48:00Z,GA,NA,180.3,0.83866667,3020000,3634000,3.65277778,4.73611111,1.22242684,NA,QC1208,2018-09-26,2018,GA,QC1208,GA2018
QC 1211,2018-09-26T13:56:40Z,GA,NA,223,0.80133333,5213333.33,6473333.33,3.75833333,4.93055556,1.287512,NA,QC1211,2018-09-26,2018,GA,QC1211,GA2018
QC 1212,2018-09-26T13:59:20Z,GA,NA,228.9,0.867,6100000,6896666.67,3.82222222,4.90277778,1.24276748,NA,QC1212,2018-09-26,2018,GA,QC1212,GA2018
QC 1220,2018-09-26T14:21:00Z,GA,NA,210.1,0.863,4600000,5256666.67,3.74722222,4.85,1.32229513,NA,QC1220,2018-09-26,2018,GA,QC1220,GA2018
QC 1227,2018-09-26T14:40:40Z,GA,NA,189.7,0.851,5536666.67,6462000,3.92777778,4.75,1.25827957,NA,QC1227,2018-09-26,2018,GA,QC1227,GA2018
QC 1230,2018-09-28T11:34:00Z,NCA,NA,208.9,0.893,4623333.33,5130666.67,3.8603352,5.05027933,1.24861679,NA,QC1230,2018-09-28,2018,CA,QC1230,CA2018
QC 1235,2018-09-28T11:45:00Z,NCA,NA,193.5,0.921,6320000,6858000,3.68994413,4.81564246,1.19386607,NA,QC1235,2018-09-28,2018,CA,QC1235,CA2018
QC 1244,2019-03-12T12:15:00Z,GA,NA,216.2,0.912,8586666.67,9410000,3.94707521,5.01671309,1.26123243,NA,QC1244,2019-03-12,2019,GA,QC1244,GA2019
QC 1245,2019-03-12T12:17:40Z,GA,NA,264.8,0.815,2173333.33,2637666.67,3.8551532,4.84122563,1.22747892,NA,QC1245,2019-03-12,2019,GA,QC1245,GA2019
QC 1246,2019-03-12T12:20:20Z,GA,NA,272.6,0.88566667,6586666.67,7425666.67,3.84679666,5.00278552,1.36935712,NA,QC1246,2019-03-12,2019,GA,QC1246,GA2019
QC 1248,2019-03-12T12:25:40Z,GA,NA,246.3,0.80666667,2263333.33,2831333.33,3.66573816,5.06406685,1.31182141,NA,QC1248,2019-03-12,2019,GA,QC1248,GA2019
QC 1249,2019-03-26T14:04:20Z,GA,NA,188.1,0.91066667,9796666.67,10753333.3,3.8547486,5.05307263,1.2611764,NA,QC1249,2019-03-26,2019,GA,QC1249,GA2019
QC 1250,2019-03-26T14:09:00Z,GA,NA,222.2,0.857,6323333.33,7312333.33,3.63407821,5.07821229,1.27385005,NA,QC1250,2019-03-26,2019,GA,QC1250,GA2019
QC 1253,2019-03-26T14:18:20Z,GA,NA,226.5,0.83433333,3713333.33,4444000,4.04469274,5.03351955,1.24021444,NA,QC1253,2019-03-26,2019,GA,QC1253,GA2019
QC 1254,2019-03-26T14:20:40Z,GA,NA,205.7,0.873,5630000,6408333.33,3.90782123,4.97765363,1.28209396,NA,QC1254,2019-03-26,2019,GA,QC1254,GA2019
QC 1259,2019-03-26T14:37:00Z,GA,NA,217.6,0.845,9300000,11006666.7,4.05307263,5.18994413,1.31950475,NA,QC1259,2019-03-26,2019,GA,QC1259,GA2019
QC 1260,2019-03-26T14:40:00Z,GA,NA,208.9,0.86533333,6863333.33,7895000,3.87988827,5.00558659,1.28622121,NA,QC1260,2019-03-26,2019,GA,QC1260,GA2019
QC 1262,2019-03-26T14:45:20Z,GA,NA,194.2,0.87633333,7260000,8305333.33,3.96089385,5.01396648,1.24867646,NA,QC1262,2019-03-26,2019,GA,QC1262,GA2019
QC 1268,2019-03-26T15:07:00Z,GA,NA,234.9,0.859,7900000,9200000,3.88268156,5.02234637,1.24446063,NA,QC1268,2019-03-26,2019,GA,QC1268,GA2019
QC 1271,2019-04-04T14:31:20Z,HI,NA,214.6,0.82633333,6836666.67,8260000,3.70798898,4.85674931,1.24344742,NA,QC1271,2019-04-04,2019,HI,QC1271,HI2019
QC 1272,2019-04-04T14:33:40Z,HI,NA,250.6,0.799,7366666.67,9343333.33,3.79889807,5.20385675,1.21061728,NA,QC1272,2019-04-04,2019,HI,QC1272,HI2019
QC 1273,2019-04-04T14:37:00Z,HI,NA,238.5,0.87733333,5306666.67,5921666.67,3.85674931,5.0523416,1.26032773,NA,QC1273,2019-04-04,2019,HI,QC1273,HI2019
QC 1276,2019-04-04T15:04:40Z,HI,NA,222.6,0.84566667,7286666.67,8616666.67,3.83195592,5.00550964,1.22728781,NA,QC1276,2019-04-04,2019,HI,QC1276,HI2019
QC 1283,2019-04-10T14:08:40Z,GA,NA,244.1,0.85033333,8946666.67,10545000,4.10027855,5.08913649,1.30340499,NA,QC1283,2019-04-10,2019,GA,QC1283,GA2019
QC 1287,2019-04-10T14:20:40Z,GA,NA,212.1,0.62866667,5013333.33,8036666.67,3.93036212,4.94150418,1.25357596,NA,QC1287,2019-04-10,2019,GA,QC1287,GA2019
QC 1291,2019-04-10T14:35:20Z,GA,NA,221.5,0.80466667,4296666.67,5268666.67,4.08356546,5.1086351,1.27851881,NA,QC1291,2019-04-10,2019,GA,QC1291,GA2019
QC 1293,2019-04-10T14:46:00Z,GA,NA,233.9,0.868,8606666.67,9910000,3.83844011,5.05013928,1.29119785,NA,QC1293,2019-04-10,2019,GA,QC1293,GA2019
QC 1294,2019-04-10T14:49:40Z,GA,NA,214.9,0.84733333,7623333.33,9e+06,3.85236769,4.85236769,1.19075627,NA,QC1294,2019-04-10,2019,GA,QC1294,GA2019
QC 1298,2019-04-10T15:01:00Z,GA,NA,232.7,0.83633333,6346666.67,7602666.67,3.89972145,5.13370474,1.2491905,NA,QC1298,2019-04-10,2019,GA,QC1298,GA2019
QC 1300,2019-04-10T15:08:20Z,GA,NA,220.3,0.823,4863333.33,5864666.67,3.90250696,4.98050139,1.37041002,NA,QC1300,2019-04-10,2019,GA,QC1300,GA2019
QC 1302,2019-04-10T15:15:00Z,GA,NA,224.9,0.89266667,9766666.67,10996000,3.95543175,5.16991643,1.39270609,NA,QC1302,2019-04-10,2019,GA,QC1302,GA2019
QC 1303,2019-04-10T15:19:20Z,GA,NA,203.3,0.80933333,6846666.67,8430000,3.98328691,4.92479109,1.28263842,NA,QC1303,2019-04-10,2019,GA,QC1303,GA2019
QC 1306,2019-04-10T15:27:20Z,GA,NA,224.8,0.85666667,6566666.67,7688333.33,3.7568306,4.8852459,1.24162762,NA,QC1306,2019-04-10,2019,GA,QC1306,GA2019
QC 1308,2019-04-10T15:32:40Z,GA,NA,237.8,0.88666667,6996666.67,7892666.67,3.84153005,4.92349727,1.23761748,NA,QC1308,2019-04-10,2019,GA,QC1308,GA2019
QC 1331,2019-05-15T11:24:20Z,GA,NA,216.3,0.94633333,7470000,7888000,3.89196676,5.11080332,1.34765339,NA,QC1331,2019-05-15,2019,GA,QC1331,GA2019
QC 1339,2019-05-15T11:47:40Z,GA,NA,245.2,0.85266667,7080000,8276666.67,3.88919668,4.98060942,1.39978507,NA,QC1339,2019-05-15,2019,GA,QC1339,GA2019
QC 1365,2019-06-05T20:16:30Z,GA,NA,223,0.785,1513333.33,1900000,3.65373961,4.81717452,1.36276396,NA,QC1365,2019-06-05,2019,GA,QC1365,GA2019
QC 1366,2019-06-05T20:18:55Z,GA,NA,229.5,0.743,1003333.33,1331333.33,3.86980609,4.87257618,1.2791235,NA,QC1366,2019-06-05,2019,GA,QC1366,GA2019
QC 1367,2019-06-05T20:21:38Z,GA,NA,250.3,0.90533333,2396666.67,2666900,3.85041551,4.86703601,1.26218082,NA,QC1367,2019-06-05,2019,GA,QC1367,GA2019
QC 1368,2019-06-05T20:24:14Z,GA,NA,242,0.849,3706666.67,4363666.67,3.966759,4.99168975,1.31636309,NA,QC1368,2019-06-05,2019,GA,QC1368,GA2019
QC 1369,2019-06-05T20:26:42Z,GA,NA,252.2,0.79333333,4536666.67,5702000,3.9501385,5.033241,1.25900318,NA,QC1369,2019-06-05,2019,GA,QC1369,GA2019
QC 1373,2019-06-05T20:36:35Z,GA,NA,229.6,0.90533333,6276666.67,6933666.67,3.966759,4.99722992,1.26218082,NA,QC1373,2019-06-05,2019,GA,QC1373,GA2019
QC 1379,2019-06-05T20:53:22Z,GA,NA,216.3,0.93066667,5970000,6418333.33,3.81717452,4.77285319,1.25069571,NA,QC1379,2019-06-05,2019,GA,QC1379,GA2019
QC 1380,2019-06-05T20:55:27Z,GA,NA,210.4,0.884,7036666.67,7961666.67,3.91966759,4.82825485,1.2090456,NA,QC1380,2019-06-05,2019,GA,QC1380,GA2019
QC 1388,2019-06-05T21:13:24Z,GA,NA,212.2,0.86266667,4586666.67,5304666.67,4.03878116,5.38227147,1.28758142,NA,QC1388,2019-06-05,2019,GA,QC1388,GA2019
QC 1389,2019-06-05T21:15:37Z,GA,NA,226.4,0.91466667,6470000,7052333.33,3.92520776,4.97783934,1.30871105,NA,QC1389,2019-06-05,2019,GA,QC1389,GA2019
QC 1391,2019-06-11T15:17:19Z,CA,NA,178.1,0.77433333,6410000,8293333.33,3.72423398,4.78551532,1.3115691,NA,QC1391,2019-06-11,2019,CA,NA,CA2019
QC 1392,2019-06-11T15:22:56Z,CA,NA,202.9,0.822,6503333.33,7849666.67,3.75766017,4.80501393,1.34118704,NA,QC1392,2019-06-11,2019,CA,NA,CA2019
QC 1410,2019-06-12T15:30:49Z,GA,NA,219.9,0.86633333,12200000,14066666.7,3.91111111,4.98611111,1.37055511,NA,QC1410,2019-06-12,2019,GA,QC1410,GA2019
QC 1416,2019-06-12T15:47:10Z,GA,NA,232.1,0.88333333,8550000,9669000,3.775,4.725,1.21225009,NA,QC1416,2019-06-12,2019,GA,QC1416,GA2019
QC 1419,2019-06-12T15:54:30Z,GA,NA,204.1,0.895,6400000,7146000,3.92222222,4.75277778,1.25009381,NA,QC1419,2019-06-12,2019,GA,QC1419,GA2019
QC 1420,2019-06-12T15:56:29Z,GA,NA,213.6,0.86033333,7146666.67,8328000,3.86944444,5.05833333,1.16254901,NA,QC1420,2019-06-12,2019,GA,QC1420,GA2019
QC 1423,2019-06-12T16:03:05Z,GA,NA,252.8,0.892,7116666.67,7998000,3.98611111,5.00833333,1.24989339,NA,QC1423,2019-06-12,2019,GA,QC1423,GA2019
QC 1424,2019-06-12T16:04:57Z,GA,NA,230.1,0.92066667,10766666.7,11693000,3.75833333,4.99722222,1.29167154,NA,QC1424,2019-06-12,2019,GA,QC1424,GA2019
QC 1425,2019-06-12T16:07:49Z,GA,NA,211.7,0.92533333,7470000,8099000,3.73888889,4.81944444,1.27922146,NA,QC1425,2019-06-12,2019,GA,QC1425,GA2019
QC 1430,2019-06-13T15:15:56Z,NC,NA,178.4,0.85066667,7593333.33,8923333.33,3.61388889,4.63888889,1.18338349,NA,QC1430,2019-06-13,2019,NC,NA,NC2019
QC 1431,2019-06-13T15:18:03Z,NC,NA,206.4,0.82933333,4710000,5532333.33,3.88888889,4.74722222,1.17822921,NA,QC1431,2019-06-13,2019,NC,NA,NC2019
QC 1432,2019-06-13T15:20:44Z,NC,NA,194.8,0.823,7080000,8603333.33,3.51944444,4.58611111,1.18338349,NA,QC1432,2019-06-13,2019,NC,NA,NC2019
QC 1436,2019-06-27T15:42:08Z,NC,NA,153,0.85033333,6113333.33,7204333.33,3.49862259,4.38842975,1.173097,NA,QC1436,2019-06-27,2019,NC,QC1436,NC2019
QC 1437,2019-06-27T15:44:23Z,NC,NA,155.2,0.84866667,4753333.33,5606666.67,3.59779614,4.36914601,1.115235,NA,QC1437,2019-06-27,2019,NC,QC1437,NC2019
QC 1439,2019-06-27T15:48:54Z,NC,NA,155,0.733,2680000,3548000,3.39393939,4.5399449,1.00389069,NA,QC1439,2019-06-27,2019,NC,QC1439,NC2019
QC 1441,2019-06-27T15:57:28Z,NC,NA,150.8,0.91233333,4630000,5095333.33,3.35261708,4.4077135,1.09504212,NA,QC1441,2019-06-27,2019,NC,QC1441,NC2019
QC 1442,2019-06-27T16:00:27Z,NC,NA,199,0.84466667,5770000,6846000,3.74655647,4.73002755,1.13051369,NA,QC1442,2019-06-27,2019,NC,QC1442,NC2019
QC 1443,2019-06-27T16:02:39Z,NC,NA,153.7,0.86166667,7030000,8151000,3.50964187,4.22589532,1.12728682,NA,QC1443,2019-06-27,2019,NC,QC1443,NC2019
QC 1444,2019-06-27T16:04:28Z,NC,NA,170.8,0.82433333,5103333.33,6176333.33,3.43801653,4.45179063,1.13642143,NA,QC1444,2019-06-27,2019,NC,QC1444,NC2019
QC 1450,2019-06-27T16:17:59Z,NC,NA,208.7,0.85266667,8196666.67,9616666.67,3.52892562,4.68044077,1.27667464,NA,QC1450,2019-06-27,2019,NC,QC1450,NC2019
QC 1453,2019-07-17T14:02:20Z,GA,NA,232.6,0.874,7440000,8505000,3.82320442,4.95027624,1.35471729,NA,QC1453,2019-07-17,2019,GA,QC1453,GA2019
QC 1454,2019-07-17T14:05:14Z,GA,NA,204.5,0.866,3713333.33,4282666.67,3.81767956,4.60220994,1.16018232,NA,QC1454,2019-07-17,2019,GA,QC1454,GA2019
QC 1455,2019-07-17T14:08:23Z,GA,NA,212.2,0.87,7110000,8173000,3.90331492,4.96132597,1.27600126,NA,QC1455,2019-07-17,2019,GA,QC1455,GA2019
QC 1456,2019-07-17T14:10:46Z,GA,NA,251.3,0.825,5730000,6848666.67,3.96961326,5.03314917,1.34983507,NA,QC1456,2019-07-17,2019,GA,QC1456,GA2019
QC 1457,2019-07-17T14:13:26Z,GA,NA,209.6,0.82333333,4453333.33,5410333.33,3.75966851,4.75690608,1.22593595,NA,QC1457,2019-07-17,2019,GA,QC1457,GA2019
QC 1458,2019-07-17T14:15:28Z,GA,NA,210.6,0.80066667,6223333.33,7766666.67,3.83701657,5.00552486,1.14359924,NA,QC1458,2019-07-17,2019,GA,QC1458,GA2019
QC 1459,2019-07-17T14:17:52Z,GA,NA,185.8,0.86066667,6930000,7976000,3.7320442,4.79281768,1.275868,NA,QC1459,2019-07-17,2019,GA,QC1459,GA2019
QC 1460,2019-07-17T14:20:13Z,GA,NA,202.2,0.83333333,5993333.33,7235666.67,3.85635359,4.8480663,1.20643477,NA,QC1460,2019-07-17,2019,GA,QC1460,GA2019
QC 1461,2019-07-17T14:23:21Z,GA,NA,232.4,0.88533333,6676666.67,7544666.67,3.77348066,4.85082873,1.23056757,NA,QC1461,2019-07-17,2019,GA,QC1461,GA2019
QC 1466,2019-08-21T15:15:25Z,NC,NA,198.6,0.879,5940000,6734333.33,3.77158774,4.88300836,1.29083055,NA,QC1466,2019-08-21,2019,NC,QC1466,NC2019
QC 1469,2019-08-21T15:25:30Z,NC,NA,216.7,0.818,3996666.67,4909333.33,3.87743733,4.91922006,1.18782397,NA,QC1469,2019-08-21,2019,NC,QC1469,NC2019
QC 1472,2019-08-21T15:34:28Z,USA,NA,204.3,0.945,5976666.67,6320033.33,3.91922006,5.15320334,1.21166261,NA,QC1472,2019-08-21,2019,USA,QC1472,USA2019
QC 1473,2019-08-21T15:37:47Z,USA,NA,162.3,0.85666667,6940000,8004333.33,3.60724234,4.83286908,NA,NA,QC1473,2019-08-21,2019,USA,QC1473,USA2019
QC 1476,2019-08-21T15:48:45Z,USA,NA,178,0.87366667,5616666.67,6391333.33,3.74930362,5.05571031,1.330107,NA,QC1476,2019-08-21,2019,USA,QC1476,USA2019
QC 1477,2019-08-21T15:52:37Z,USA,NA,130,0.81933333,2311000,2774333.33,3.46796657,4.55710306,1.05614359,NA,QC1477,2019-08-21,2019,USA,QC1477,USA2019
QC 1478,2019-08-21T15:55:31Z,USA,NA,195.7,0.89233333,5593333.33,6221333.33,3.67966574,4.93871866,1.25730199,NA,QC1478,2019-08-21,2019,USA,QC1478,USA2019
QC 1479,2019-08-21T15:59:37Z,USA,NA,185,0.87933333,3933333.33,4488666.67,3.71030641,4.90807799,1.25333952,NA,QC1479,2019-08-21,2019,USA,QC1479,USA2019
QC 1481,2019-08-27T10:49:08Z,OH,NA,227.3,0.57266667,1873333.33,3262666.67,3.78973105,4.77506112,1.34846546,NA,QC1481,2019-08-27,2019,OH,QC1481,OH2019
QC 1482,2019-08-28T15:17:10Z,GA,NA,197,0.77733333,7260000,9263333.33,3.82825485,4.70914127,1.15512423,NA,QC1482,2019-08-28,2019,GA,QC1482,GA2019
QC 1485,2019-08-28T16:12:18Z,GA,NA,227.4,0.878,4196666.67,4781333.33,3.83933518,4.82271468,1.29072656,NA,QC1485,2019-08-28,2019,GA,QC1485,GA2019
QC 1486,2019-08-28T16:12:18Z,GA,NA,184.2,0.878,4196666.67,4781333.33,3.72299169,4.76731302,1.19915061,NA,QC1486,2019-08-28,2019,GA,QC1486,GA2019
QC 1490,2019-08-28T16:25:19Z,GA,NA,220.5,0.82066667,6953333.33,8463333.33,3.8199446,5.09418283,1.27293315,NA,QC1490,2019-08-28,2019,GA,QC1490,GA2019
QC 1491,2019-08-28T16:27:55Z,GA,NA,167.7,0.704,4436666.67,6106666.67,3.59279778,4.76177285,1.11884489,NA,QC1491,2019-08-28,2019,GA,QC1491,GA2019
QC 1495,2019-08-28T16:39:46Z,GA,NA,212.6,0.788,3370000,4237666.67,3.61772853,4.59833795,1.0857312,NA,QC1495,2019-08-28,2019,GA,QC1495,GA2019
QC 1502,2019-08-28T17:04:39Z,GA,NA,197.6,0.874,6403333.33,7365000,3.78947368,5.04155125,1.25159373,NA,QC1502,2019-08-28,2019,GA,QC1502,GA2019
QC 1506,2019-08-28T17:16:51Z,GA,NA,209.7,0.887,3353333.33,3711333.33,3.92797784,4.84210526,1.35109982,NA,QC1506,2019-08-28,2019,GA,QC1506,GA2019
QC 1510,2019-08-28T17:27:40Z,GA,NA,187,0.87466667,5270000,6004000,3.81717452,4.73407202,1.23556674,NA,QC1510,2019-08-28,2019,GA,QC1510,GA2019
QC 1513,2019-09-12T15:13:05Z,NC,NA,218.1,0.78933333,3153333.33,3977333.33,3.80501393,4.83844011,1.19075627,NA,QC1513,2019-09-12,2019,NC,QC1513,NC2019
QC 1516,2019-09-12T15:20:13Z,NC,NA,200.6,0.029,30066.6667,1465400,3.66016713,4.86908078,1.15446152,NA,QC1516,2019-09-12,2019,NC,QC1516,NC2019
QC 1520,2019-09-18T14:36:23Z,GA,NA,213.3,0.80833333,2236666.67,2774000,4.03601108,5.05540166,1.26290436,NA,QC1520,2019-09-18,2019,GA,QC1520,GA2019
QC 1522,2019-09-18T14:41:31Z,GA,NA,185,0.537,3353333.33,6270000,3.72299169,4.58448753,1.07886156,NA,QC1522,2019-09-18,2019,GA,QC1522,GA2019
QC 1528,2019-09-18T15:18:41Z,GA,NA,224.3,0.814,4933333.33,6074000,3.76731302,4.8033241,1.13849882,NA,QC1528,2019-09-18,2019,GA,QC1528,GA2019
QC 1531,2019-09-18T15:37:48Z,GA,NA,220.5,0.88466667,5866666.67,6630333.33,3.87257618,5.07202216,1.25479403,NA,QC1531,2019-09-18,2019,GA,QC1531,GA2019
QC 1533,2019-09-18T15:43:06Z,GA,NA,206.1,0.89033333,4156666.67,4666333.33,3.86703601,4.68144044,1.19238953,NA,QC1533,2019-09-18,2019,GA,QC1533,GA2019
QC 1535,2019-09-18T15:48:19Z,GA,NA,240.9,0.85566667,4790000,5598000,3.87534626,4.91689751,1.25879364,NA,QC1535,2019-09-18,2019,GA,QC1535,GA2019
QC 1538,2019-10-04T11:57:34Z,PA,NA,184.2,0.64575,946500,1449250,3.78393352,5.01385042,1.22067848,NA,QC1538,2019-10-04,2019,PA,QC1538,PA2019
QC 1540,2019-10-04T11:59:45Z,PA,NA,190.4,0.91533333,3993333.33,4353333.33,3.73961219,4.96398892,1.2173243,NA,QC1540,2019-10-04,2019,PA,QC1540,PA2019
QC 1541,2019-10-04T12:00:27Z,PA,NA,198.4,0.86333333,5863333.33,6746666.67,3.73407202,4.90858726,1.2007912,NA,QC1541,2019-10-04,2019,PA,QC1541,PA2019
QC 1542,2019-10-04T12:01:18Z,PA,NA,204.9,0.85833333,5143333.33,5966666.67,3.84487535,4.90581717,1.20889206,NA,QC1542,2019-10-04,2019,PA,QC1542,PA2019
QC 1543,2019-10-04T12:02:20Z,PA,NA,178.7,0.86766667,3146666.67,3613333.33,3.78947368,4.86149584,1.2171718,NA,QC1543,2019-10-04,2019,PA,QC1543,PA2019
QC 1544,2019-10-04T12:04:50Z,PA,NA,188.7,0.841,6353333.33,7573333.33,3.94182825,5.08310249,1.22566664,NA,QC1544,2019-10-04,2019,PA,QC1544,PA2019
QC 1553,2019-10-04T12:12:36Z,PA,NA,181.5,0.814,4436666.67,5470000,3.71191136,4.85595568,1.27256468,NA,QC1553,2019-10-04,2019,PA,QC1553,PA2019
QC 1558,2019-10-15T12:10:09Z,GA,NA,223.3,0.87,7640000,8820000,3.92837466,5.09917355,1.21488788,NA,QC1558,2019-10-15,2019,GA,QC1558,GA2019
QC 1559,2019-10-15T12:12:30Z,GA,NA,221.3,0.85533333,7380000,8596666.67,3.83195592,5.07713499,1.25206652,NA,QC1559,2019-10-15,2019,GA,QC1559,GA2019
QC 1562,2019-10-15T12:19:04Z,GA,NA,201.5,0.864,2446666.67,2790000,3.77410468,4.92286501,1.13642143,NA,QC1562,2019-10-15,2019,GA,QC1562,GA2019
QC 1567,2019-10-23T14:40:52Z,GA,NA,181.7,0.80466667,3926666.67,4796666.67,3.53168044,4.44903581,1.07431244,NA,QC1567,2019-10-23,2019,GA,QC1567,GA2019
QC 1571,2019-11-13T17:48:54Z,NCA,NA,182.4,0.88666667,4713333.33,5316666.67,3.73816156,4.63788301,1.2535405,NA,QC1571,2019-11-13,2019,CA,QC1571,CA2019
QC 1577,2019-11-13T18:02:29Z,NCA,NA,176.8,0.89633333,5790000,6466666.67,3.82451253,4.91364903,1.12237463,NA,QC1577,2019-11-13,2019,CA,QC1577,CA2019
QC 1588,2019-11-13T18:31:33Z,NCA,NA,179.1,0.88233333,8593333.33,9763333.33,3.6545961,4.8189415,1.24797201,NA,QC1588,2019-11-13,2019,CA,QC1588,CA2019
QC 1601,2020-03-04T13:20:02Z,GA,NA,244.2,0.776,5123333.33,6630000,3.90642202,4.83486239,1.18075338,NA,QC1601,2020-03-04,2020,GA,QC1601,GA2020
QC 1603,2020-03-04T13:24:06Z,GA,NA,243.6,0.48166667,2903333.33,5740000,3.92844037,5.00183486,1.26884179,NA,QC1603,2020-03-04,2020,GA,QC1603,GA2020
QC 1606,2020-03-04T13:30:55Z,GA,NA,240.5,0.699,4350000,6280000,3.83669725,4.89908257,1.20549866,NA,QC1606,2020-03-04,2020,GA,QC1606,GA2020
QC 1608,2020-03-04T13:35:04Z,NCA,NA,203.9,0.806,4050000,4980000,3.87179487,4.79120879,1.26851436,NA,QC1608,2020-03-04,2020,CA,QC1608,CA2020
QC 1610,2020-03-04T13:39:10Z,NCA,NA,218.3,0.86666667,5416666.67,6196666.67,3.77106227,4.98717949,1.28283874,NA,QC1610,2020-03-04,2020,CA,QC1610,CA2020
QC 1611,2020-03-04T13:41:49Z,NCA,NA,190.7,0.73833333,6373333.33,8666666.67,3.72344322,4.85714286,1.24999082,NA,QC1611,2020-03-04,2020,CA,QC1611,CA2020
QC 1612,2020-03-17T11:28:01Z,GA,NA,229,0.43133333,2110000,4843333.33,4.0137741,4.91460055,1.34708881,NA,QC1612,2020-03-17,2020,GA,QC1612,GA2020
QC 1613,2020-03-17T11:30:47Z,GA,NA,228.5,0.86633333,9693333.33,11233333.3,4.0137741,5.19559229,1.34421655,NA,QC1613,2020-03-17,2020,GA,QC1613,GA2020
QC 1618,2020-06-17T14:34:17Z,NC,NA,218.6,0.87433333,8310000,9490000,3.65659341,4.88736264,1.21435485,NA,QC1618,2020-06-17,2020,NC,QC1618,NC2020
QC 1619,2020-06-17T14:35:47Z,NC,NA,199.7,0.80033333,4293333.33,5276666.67,3.75824176,4.71428571,1.16933194,NA,QC1619,2020-06-17,2020,NC,QC1619,NC2020
QC 1623,2020-06-17T14:43:50Z,NC,NA,272.2,0.68966667,4246666.67,6073333.33,3.71703297,4.78571429,1.24424767,NA,QC1623,2020-06-17,2020,NC,QC1623,NC2020
QC 1629,2020-06-17T14:58:33Z,NC,NA,230.7,0.70666667,2335333.33,3050000,3.85989011,5.06043956,1.27893586,NA,QC1629,2020-06-17,2020,NC,QC1629,NC2020
QC 1630,2020-06-17T15:00:46Z,NC,NA,169.5,0.83966667,4323333.33,5116666.67,3.6510989,4.74175824,1.21882559,NA,QC1630,2020-06-17,2020,NC,QC1630,NC2020
QC 1631,2020-06-17T15:02:42Z,NC,NA,184.6,0.814,4766666.67,5810000,3.70054945,4.76648352,1.15362861,NA,QC1631,2020-06-17,2020,NC,QC1631,NC2020
QC 1633,2020-06-17T15:06:50Z,NC,NA,205.9,0.877,7690000,8740000,3.7967033,5.00274725,1.26587027,NA,QC1633,2020-06-17,2020,NC,QC1633,NC2020
QC 1688,2020-07-15T14:11:48Z,NC,NA,181.8,0.868,4676666.67,5336666.67,3.63661972,4.69295775,1.20561546,NA,QC1688,2020-07-15,2020,NC,NA,NC2020
QC 1690,2020-07-15T14:17:02Z,NC,NA,233.1,0.78866667,4693333.33,5846666.67,3.67323944,5.06197183,1.15470898,NA,QC1690,2020-07-15,2020,NC,QC1690,NC2020
QC 1695,2020-07-15T14:31:34Z,NC,NA,236.6,0.84166667,5176666.67,6106666.67,3.70422535,5.0056338,1.17464745,NA,QC1695,2020-07-15,2020,NC,QC1695,NC2020
QC 1698,2020-07-15T14:40:39Z,NC,NA,220.1,0.801,6756666.67,8556666.67,3.82816901,4.85915493,1.31786128,NA,QC1698,2020-07-15,2020,NC,QC1698,NC2020
QC 1700,2020-07-15T14:46:31Z,NC,NA,199.3,0.717,3750000,5243333.33,3.74366197,4.84788732,1.19435038,NA,QC1700,2020-07-15,2020,NC,QC1700,NC2020
QC 1701,2020-07-15T14:49:14Z,NC,NA,203.3,0.71033333,3886666.67,5383333.33,3.7943662,4.89295775,1.17874296,NA,QC1701,2020-07-15,2020,NC,QC1701,NC2020
QC 1702,2020-07-15T14:52:18Z,NC,NA,209.6,0.58566667,3363333.33,5680000,3.85915493,4.78309859,1.2549933,NA,QC1702,2020-07-15,2020,NC,QC1702,NC2020
QC 1703,2020-07-15T14:55:07Z,NC,NA,211.3,0.66233333,2580000,3880000,3.75211268,4.54929577,1.16608411,NA,QC1703,2020-07-15,2020,NC,QC1703,NC2020
QC 1704,2020-07-15T14:58:11Z,NC,NA,168.2,0.84433333,5956666.67,7046666.67,3.66478873,4.66197183,1.18450576,NA,QC1704,2020-07-15,2020,NC,QC1709,NC2020
QC 1705,2020-07-15T15:01:01Z,NC,NA,200.4,0.679,4200000,6143333.33,3.73239437,4.85070423,1.21096679,NA,QC1705,2020-07-15,2020,NC,QC1705,NC2020
QC 1706,2020-07-15T15:04:00Z,NC,NA,212.7,0.80933333,3990000,4876666.67,3.83798883,4.80167598,1.1977209,NA,QC1706,2020-07-15,2020,NC,QC1706,NC2020
QC 1707,2020-07-15T15:06:40Z,NC,NA,208.2,0.84666667,6546666.67,7730000,3.81843575,5.01117318,1.29867341,NA,QC1707,2020-07-15,2020,NC,QC1707,NC2020
QC 1708,2020-07-15T15:09:47Z,NC,NA,194.3,0.89066667,5830000,6476666.67,3.77374302,4.96927374,1.27364337,NA,QC1708,2020-07-15,2020,NC,QC1708,NC2020
QC 1709,2020-07-15T16:40:34Z,NC,NA,166.7,0.69466667,2463333.33,3506666.67,3.69553073,4.42458101,1.17311561,NA,QC1709,2020-07-15,2020,NC,QC1709B,NC2020
QC 1710,2020-07-15T16:42:57Z,NC,NA,161,0.739,3846666.67,5236666.67,3.65083799,4.43575419,1.19004883,NA,QC1710,2020-07-15,2020,NC,QC1710,NC2020
QC 1711,2020-07-15T16:45:12Z,NC,NA,196.2,0.81366667,4293333.33,5223333.33,3.68994413,4.81284916,1.19816872,NA,QC1711,2020-07-15,2020,NC,QC1711,NC2020
QC 1712,2020-07-15T16:47:27Z,NC,NA,189.2,0.88733333,4230000,4783333.33,3.47206704,4.4301676,1.07247902,NA,QC1712,2020-07-15,2020,NC,QC1712,NC2020
QC 1713,2020-07-15T16:49:41Z,NC,NA,208.2,0.82766667,6216666.67,7516666.67,3.87709497,5.10614525,1.31548571,NA,QC1713,2020-07-15,2020,NC,QC1713,NC2020
QC 1714,2020-07-15T16:55:27Z,NC,NA,193.9,0.76433333,4203333.33,5506666.67,3.79050279,4.79608939,1.29040069,NA,QC1714,2020-07-15,2020,NC,QC1714,NC2020
QC 1716,2020-07-15T16:59:42Z,NC,NA,205.9,0.833,3636666.67,4370000,3.81005587,5.04748603,1.16403619,NA,QC1716,2020-07-15,2020,NC,QC1716,NC2020
QC 1717,2020-07-15T17:01:39Z,NC,NA,195,0.832,4093333.33,4796666.67,3.8603352,5.01117318,1.16516219,NA,QC1717,2020-07-15,2020,NC,QC1717,NC2020
QC 1718,2020-07-15T17:03:26Z,NC,NA,202.7,0.91066667,5476666.67,6e+06,3.78212291,5.04748603,1.25409467,NA,QC1718,2020-07-15,2020,NC,QC1718,NC2020
QC 1719,2020-07-15T17:05:29Z,NC,NA,175.4,0.88566667,5450000,6256666.67,3.73743017,4.70949721,1.18138553,NA,QC1719,2020-07-15,2020,NC,QC1719,NC2020
QC 1720,2020-07-15T17:07:22Z,NC,NA,156.4,0.766,2596666.67,3270000,3.62290503,4.62849162,1.09734917,NA,QC1720,2020-07-15,2020,NC,QC1720,NC2020
QC 1721,2020-07-21T15:25:30Z,NY,NA,221.4,0.91833333,10040000,10880000,3.87709497,4.85195531,NA,NA,QC1721,2020-07-21,2020,NY,QC1721,NY2020
QC 1722,2020-07-21T15:26:56Z,NY,NA,179.7,0.868,5636666.67,6563333.33,3.72346369,4.7877095,NA,NA,QC1722,2020-07-21,2020,NY,QC1722,NY2020
QC 1723,2020-07-21T15:28:30Z,NY,NA,196,0.88,7920000,8980000,3.82960894,4.98603352,NA,NA,QC1723,2020-07-21,2020,NY,QC1723,NY2020
QC 1725,2020-07-21T15:31:33Z,NY,NA,140.9,0.847,5263333.33,6210000,3.67877095,4.52793296,NA,NA,QC1725,2020-07-21,2020,NY,QC1725,NY2020
QC 1730,2020-07-21T15:39:06Z,NY,NA,166.3,0.86533333,5770000,6696666.67,3.79050279,4.69273743,1.14366534,NA,QC1730,2020-07-21,2020,NY,QC1730,NY2020
QC 1732,2020-07-21T15:41:59Z,NY,NA,165.9,0.86066667,7260000,8433333.33,3.96089385,5.26536313,1.25096569,NA,QC1732,2020-07-21,2020,NY,QC1732,NY2020
QC 1735,2020-07-21T15:46:30Z,NY,NA,178.6,0.85133333,9216666.67,10826666.7,3.77094972,5.00558659,1.31229493,NA,QC1735,2020-07-21,2020,NY,QC1735,NY2020
QC 1739,2020-07-21T15:53:47Z,NY,NA,150.9,0.80366667,4486666.67,5573333.33,3.72346369,4.7877095,1.25096569,NA,QC1739,2020-07-21,2020,NY,QC1739,NY2020
QC 1740,2020-07-21T15:56:25Z,NY,NA,178.7,0.83833333,4530000,5183333.33,3.87430168,5.06424581,1.25096569,NA,QC1740,2020-07-21,2020,NY,QC1740,NY2020
QC 1743,2020-07-28T14:47:24Z,GA,NA,209.5,0.86966667,3480000,4006666.67,3.99168975,5.02770083,1.24056985,NA,QC1743,2020-07-28,2020,GA,QC1743,GA2020
QC 1749,2020-07-28T14:58:30Z,GA,NA,244.2,0.63833333,183166.667,318000,3.96121884,4.96121884,1.28986714,NA,QC1749,2020-07-28,2020,GA,QC1749,GA2020
QC 1750,2020-07-28T15:00:28Z,GA,NA,259.9,0.903,8956666.67,9886666.67,3.93074792,5.02216066,1.27419893,NA,QC1750,2020-07-28,2020,GA,QC1750,GA2020
QC 1754,2020-07-28T15:09:01Z,GA,NA,202.3,0.90933333,10810000,11866666.7,3.96952909,5.03878116,1.29059409,NA,QC1754,2020-07-28,2020,GA,QC1754,GA2020
QC 1756,2020-07-28T15:12:50Z,GA,NA,205.1,0.91966667,10953333.3,11933333.3,3.87534626,4.8365651,1.29072656,NA,QC1756,2020-07-28,2020,GA,QC1756,GA2020
QC 1759,2020-07-28T15:24:10Z,GA,NA,243.7,0.851,7823333.33,9196666.67,3.98614958,5.01108033,1.28378568,NA,QC1759,2020-07-28,2020,GA,QC1759,GA2020
QC 1761,2020-08-06T16:42:22Z,NC,NA,197.7,0.858,6326666.67,7380000,3.68347339,4.80952381,1.13701817,NA,QC1761,2020-08-06,2020,NC,QC1761,NC2020
QC 1766,2020-08-06T16:54:29Z,NC,NA,232.7,0.89333333,6780000,7603333.33,3.99159664,5.16526611,1.24833871,NA,QC1766,2020-08-06,2020,NC,QC1766,NC2020
QC 1767,2020-08-06T16:56:39Z,NC,NA,218.3,0.89066667,6310000,7093333.33,3.88515406,4.85154062,1.28810344,NA,QC1767,2020-08-06,2020,NC,QC1767,NC2020
QC 1769,2020-08-06T17:02:18Z,NC,NA,226.2,0.88333333,5803333.33,6503333.33,3.84033613,5.03361345,1.3104783,NA,QC1769,2020-08-06,2020,NC,QC1769,NC2020
QC 1771,2020-08-06T17:08:03Z,NC,NA,231.5,0.87366667,5366666.67,6113333.33,3.82072829,5.01680672,1.20451447,NA,QC1771,2020-08-06,2020,NC,QC1771,NC2020
QC 1772,2020-08-06T17:10:37Z,NC,NA,236.8,0.91466667,9353333.33,10240000,3.92717087,5.09803922,1.24901076,NA,QC1772,2020-08-06,2020,NC,QC1772,NC2020
QC 1774,2020-08-06T17:15:47Z,NC,NA,209.9,0.90533333,5973333.33,6600000,3.68067227,5.00560224,1.32131955,NA,QC1774,2020-08-06,2020,NC,QC1774,NC2020
QC 1777,2020-08-19T13:13:26Z,NCA,NA,194.1,0.89033333,3536666.67,3973333.33,3.66852368,4.5264624,1.22012889,NA,QC1777,2020-08-19,2020,CA,QC1777,CA2020
QC 1778,2020-08-19T13:16:00Z,NCA,NA,240.7,0.82866667,5526666.67,6666666.67,3.82451253,4.89415042,1.25829949,NA,QC1778,2020-08-19,2020,CA,QC1778,CA2020
QC 1782,2020-09-01T17:26:50Z,WA,NA,163.2,0.88333333,3846666.67,4253333.33,3.78453039,4.73480663,1.30772862,NA,QC1782,2020-09-01,2020,WA,QC1782,WA2020
QC 1783,2020-09-01T17:29:16Z,WA,NA,160.6,0.858,6613333.33,7706666.67,3.80939227,4.95027624,1.37075237,NA,QC1783,2020-09-01,2020,WA,QC1783,WA2020
QC 1786,2020-09-01T17:34:48Z,WA,NA,190.9,0.89433333,5780000,6436666.67,3.62154696,4.89226519,1.19092454,NA,QC1786,2020-09-01,2020,WA,QC1786,WA2020
QC 1787,2020-09-01T17:36:45Z,WA,NA,140.4,0.74966667,1900000,2546666.67,3.59668508,4.5,1.23072547,NA,QC1787,2020-09-01,2020,WA,QC1787,WA2020
QC 1794,2020-09-01T17:48:13Z,WA,NA,204.3,0.92366667,7073333.33,7643333.33,3.84254144,4.99171271,1.31642227,NA,QC1794,2020-09-01,2020,WA,QC1794,WA2020
QC 1797,2020-09-01T17:54:38Z,WA,NA,214.3,0.06766667,212966.667,2683333.33,3.76519337,4.70994475,1.35899942,NA,QC1797,2020-09-01,2020,WA,QC1797,WA2020
QC 1800,2020-09-01T18:00:33Z,WA,NA,203.9,0.93266667,6830000,7323333.33,3.77624309,5.0441989,1.35057986,NA,QC1800,2020-09-01,2020,WA,QC1800,WA2020
QC 1805,2020-09-01T18:10:58Z,WA,NA,186,0.861,6930000,8080000,3.61325967,4.68508287,1.27772478,NA,QC1805,2020-09-01,2020,WA,QC1805,WA2020
QC 1809,2020-09-01T18:18:38Z,WA,NA,207.7,0.93333333,5873333.33,6293333.33,3.68232044,4.85635359,1.26792335,NA,QC1809,2020-09-01,2020,WA,QC1809,WA2020
QC 1812,2020-09-02T16:19:07Z,WA,NA,191,0.92133333,7006666.67,7593333.33,3.84210526,4.70914127,1.38176273,NA,QC1812,2020-09-02,2020,WA,QC1812,WA2020
QC 1816,2020-09-02T16:26:02Z,WA,NA,201.9,0.74066667,7726666.67,10400000,3.80055402,5.00277008,1.29595777,NA,QC1816,2020-09-02,2020,WA,QC1816,WA2020
QC 1817,2020-09-02T16:27:55Z,WA,NA,168.6,0.91033333,5430000,5970000,3.77285319,4.70083102,1.39578699,NA,QC1817,2020-09-02,2020,WA,QC1817,WA2020
QC 1818,2020-09-02T16:29:31Z,WA,NA,169.5,0.39033333,2856666.67,7333333.33,3.66204986,4.84210526,1.27813399,NA,QC1818,2020-09-02,2020,WA,QC1818,WA2020
QC 1820,2020-09-02T16:32:48Z,WA,NA,191.5,0.9,3453333.33,3813333.33,3.82271468,4.94736842,1.32395615,NA,QC1820,2020-09-02,2020,WA,QC1820,WA2020
QC 1823,2020-09-02T16:38:40Z,WA,NA,185.6,0.89233333,5646666.67,6353333.33,3.80609418,4.70360111,1.25253791,NA,QC1823,2020-09-02,2020,WA,QC1823,WA2020
QC 1824,2020-09-02T16:42:00Z,WA,NA,176.8,0.836,5236666.67,6210000,3.84487535,4.96121884,1.27967714,NA,QC1824,2020-09-02,2020,WA,QC1824,WA2020
QC 1833,2020-09-03T15:51:46Z,WA,NA,176.7,0.94166667,5220000,5533333.33,3.72576177,4.68975069,1.43577031,NA,QC1833,2020-09-03,2020,WA,QC1833,WA2020
QC 1834,2020-09-03T15:53:41Z,WA,NA,184.5,0.94366667,8270000,8783333.33,3.83379501,4.99168975,1.45297842,NA,QC1834,2020-09-03,2020,WA,QC1834,WA2020
QC 1841,2020-09-03T16:05:28Z,WA,NA,179.3,0.934,4846666.67,5176666.67,4.06094183,4.93905817,1.33733386,NA,QC1841,2020-09-03,2020,WA,QC1841,WA2020
QC 1847,2020-09-03T16:18:08Z,WA,NA,196.1,0.90533333,8166666.67,8966666.67,3.68144044,4.77839335,1.25424499,NA,QC1847,2020-09-03,2020,WA,QC1847,WA2020
QC 1854,2020-09-03T16:32:01Z,WA,NA,204.4,0.92,7786666.67,8480000,3.72853186,5.04155125,1.35393147,NA,QC1854,2020-09-03,2020,WA,QC1854,WA2020
QC 1859,2020-09-03T16:38:26Z,WA,NA,181.7,0.94633333,6456666.67,6816666.67,3.65373961,4.74515235,1.24368461,NA,QC1859,2020-09-03,2020,WA,QC1859,WA2020
QC 1860,2020-09-03T16:40:18Z,WA,NA,168.2,0.72966667,1920000,2626666.67,3.68698061,4.89750693,1.23695764,NA,QC1860,2020-09-03,2020,WA,QC1860,WA2020
QC 1864,2020-09-03T16:49:42Z,WA,NA,204.1,0.90566667,10816666.7,11966666.7,3.83102493,5.04709141,1.36198946,NA,QC1864,2020-09-03,2020,WA,QC1864,WA2020
QC 1865,2020-09-03T16:51:43Z,WA,NA,195.3,0.93133333,5800000,6236666.67,3.71468144,4.97506925,1.31036732,NA,QC1865,2020-09-03,2020,WA,QC1865,WA2020
QC 1866,2020-09-03T16:53:32Z,WA,NA,200.5,0.902,4783333.33,5383333.33,3.65096953,4.85872576,1.29627436,NA,QC1866,2020-09-03,2020,WA,QC1866,WA2020
QC 1868,2020-09-03T16:57:34Z,WA,NA,165.7,0.932,7630000,8153333.33,3.81440443,4.8199446,1.27940226,NA,QC1868,2020-09-03,2020,WA,QC1868,WA2020
QC 1869,2020-09-03T16:59:48Z,WA,NA,173.2,0.911,6173333.33,6740000,3.62049861,4.87811634,1.32114899,NA,QC1869,2020-09-03,2020,WA,QC1869,WA2020
QC 1873,2020-09-10T19:39:16Z,WA,NA,174.7,0.94233333,4450000,4700000,3.80821918,4.89315068,1.3763376,NA,QC1873,2020-09-10,2020,WA,QC1873,WA2020
QC 1875,2020-09-10T19:42:24Z,WA,NA,169.6,0.9,7653333.33,8506666.67,3.70136986,4.85479452,1.27328706,NA,QC1875,2020-09-10,2020,WA,QC1875,WA2020
QC 1882,2020-09-10T19:54:43Z,WA,NA,177.2,0.93733333,4496666.67,4796666.67,3.76438356,4.79178082,1.37243658,NA,QC1882,2020-09-10,2020,WA,QC1882,WA2020
QC 1883,2020-09-10T19:56:28Z,WA,NA,168.1,0.92066667,3296666.67,3583333.33,3.76986301,4.74794521,1.25616374,NA,QC1883,2020-09-10,2020,WA,NA,WA2020
QC 1885,2020-09-10T19:59:44Z,WA,NA,141.1,0.94066667,3503333.33,3700000,3.65205479,4.67671233,1.16702945,NA,QC1885,2020-09-10,2020,WA,QC1885,WA2020
QC 1887,2020-09-10T20:02:57Z,WA,NA,154.3,0.932,4233333.33,4536666.67,3.78356164,4.53972603,1.2078987,NA,QC1887,2020-09-10,2020,WA,QC1887,WA2020
QC 1890,2020-09-10T20:07:38Z,WA,NA,164.8,0.603,2200000,3713333.33,3.72876712,4.95616438,1.19718563,NA,QC1890,2020-09-10,2020,WA,QC1890,WA2020
QC 1892,2020-09-10T20:10:45Z,WA,NA,159.3,0.90766667,8873333.33,9740000,3.57808219,4.64931507,1.25750206,NA,QC1892,2020-09-10,2020,WA,QC1892,WA2020
QC 1893,2020-09-10T20:12:13Z,WA,NA,172.9,0.90833333,5306666.67,5756666.67,3.74246575,4.82191781,1.24942005,NA,QC1893,2020-09-10,2020,WA,QC1893,WA2020
QC 1894,2020-09-10T20:13:57Z,WA,NA,145.2,0.898,4873333.33,5426666.67,3.76164384,4.74794521,1.30476761,NA,QC1894,2020-09-10,2020,WA,QC1894,WA2020
QC 1896,2020-09-10T20:18:04Z,WA,NA,168.4,0.894,7603333.33,8513333.33,3.70684932,4.84109589,1.29774628,NA,QC1896,2020-09-10,2020,WA,QC1896,WA2020
QC 1903,2020-09-10T20:30:47Z,WA,NA,189.9,0.85266667,6523333.33,7680000,3.83379501,5.11911357,1.34585427,NA,QC1903,2020-09-10,2020,WA,QC1903,WA2020
QC 1904,2020-09-10T20:32:20Z,WA,NA,157.3,0.798,2573333.33,3233333.33,3.65373961,4.72299169,1.27384617,NA,QC1904,2020-09-10,2020,WA,QC1904,WA2020
QC 1905,2020-09-10T20:33:45Z,WA,NA,194.6,0.86666667,5660000,6376666.67,3.87257618,4.96121884,1.34585427,NA,QC1905,2020-09-10,2020,WA,QC1905,WA2020
QC 1907,2020-09-10T20:36:49Z,WA,NA,197.1,0.899,4653333.33,5176666.67,3.83379501,4.88642659,1.21286984,NA,QC1907,2020-09-10,2020,WA,QC1907,WA2020
QC 1908,2020-09-10T20:38:21Z,WA,NA,190.3,0.90933333,3673333.33,4013333.33,3.966759,4.96952909,1.1718014,NA,QC1908,2020-09-10,2020,WA,QC1908,WA2020
QC 1909,2020-09-10T20:39:44Z,WA,NA,184.7,0.85266667,3510000,4093333.33,3.85872576,4.94182825,1.28809351,NA,QC1909,2020-09-10,2020,WA,QC1909,WA2020
QC 1910,2020-09-10T20:41:21Z,WA,NA,191.1,0.95366667,6683333.33,7010000,3.78116343,4.91689751,1.32135604,NA,QC1910,2020-09-10,2020,WA,QC1910,WA2020
QC 1911,2020-09-10T20:42:43Z,WA,NA,197.7,0.89266667,2490000,2803333.33,3.86980609,4.94736842,1.3533685,NA,QC1911,2020-09-10,2020,WA,QC1911,WA2020
QC 1913,2020-09-10T20:45:46Z,WA,NA,163.1,0.927,8303333.33,8930000,3.71468144,4.83379501,1.28494953,NA,QC1913,2020-09-10,2020,WA,QC1913,WA2020
QC 1917,2020-09-10T20:52:00Z,WA,NA,197.3,0.935,6113333.33,6543333.33,3.83933518,4.93905817,1.28348884,NA,QC1917,2020-09-10,2020,WA,QC1917,WA2020
QC 1925,2020-09-10T21:04:26Z,WA,NA,184.6,0.83366667,2573333.33,3086666.67,3.80609418,4.81440443,1.31212574,NA,QC1925,2020-09-10,2020,WA,QC1925,WA2020
QC 1933,2020-09-17T12:54:15Z,WA,NA,235.3,0.86933333,10613333.3,12200000,3.92797784,5.05817175,1.27068232,NA,QC1933,2020-09-17,2020,WA,QC1933,WA2020
QC 1934,2020-09-17T12:55:42Z,WA,NA,222.8,0.83966667,4130000,4760000,3.85041551,4.99722992,1.37092682,NA,QC1934,2020-09-17,2020,WA,QC1934,WA2020
QC 1935,2020-09-17T12:57:25Z,WA,NA,209.7,0.88866667,8310000,9373333.33,3.8033241,4.83102493,1.22971729,NA,QC1935,2020-09-17,2020,WA,QC1935,WA2020
QC 1940,2020-09-17T13:05:10Z,WA,NA,175.3,0.801,2580000,3120000,3.81717452,4.64542936,1.11311935,NA,QC1940,2020-09-17,2020,WA,QC1940,WA2020
QC 1948,2020-09-23T13:27:48Z,WA,NA,177.1,0.92,7503333.33,8150000,3.86666667,5.03611111,1.28781719,NA,QC1948,2020-09-23,2020,WA,QC1948,WA2020
QC 1950,2020-09-23T13:31:33Z,WA,NA,189,0.85233333,5600000,6570000,3.9,4.87777778,1.2875883,NA,QC1950,2020-09-23,2020,WA,QC1950,WA2020
QC 1951,2020-09-23T13:33:13Z,WA,NA,155.5,0.91566667,3601000,3870000,3.775,4.85833333,1.27161874,NA,QC1951,2020-09-23,2020,WA,QC1951,WA2020
QC 1954,2020-10-06T14:50:52Z,WA,NA,186.1,0.88466667,2640000,2956666.67,3.72054795,4.73150685,1.21624093,NA,QC1954,2020-10-06,2020,WA,QC1954,WA2020
QC 1956,2020-10-06T14:54:27Z,WA,NA,182.8,0.86433333,4856666.67,5556666.67,3.71780822,4.69315068,1.22451073,NA,QC1956,2020-10-06,2020,WA,QC1956,WA2020
QC 1957,2020-10-06T14:56:47Z,WA,NA,190,0.914,5900000,6456666.67,3.79452055,4.83561644,1.27404118,NA,QC1957,2020-10-06,2020,WA,QC1957,WA2020
QC 1958,2020-10-06T14:58:37Z,WA,NA,204.6,0.88466667,5560000,6280000,3.81643836,4.8630137,1.20357886,NA,QC1958,2020-10-06,2020,WA,QC1958,WA2020
QC 1960,2020-10-06T15:02:20Z,WA,NA,170.2,0.906,7356666.67,8113333.33,3.81917808,4.79452055,1.23273667,NA,QC1960,2020-10-06,2020,WA,QC1960,WA2020
QC 1962,2020-10-06T15:05:37Z,WA,NA,195.9,0.869,3823333.33,4373333.33,3.82191781,5.0109589,1.2465253,NA,QC1962,2020-10-06,2020,WA,QC1962,WA2020
QC 2016,2020-10-22T13:23:50Z,WA,NA,167,0.93033333,5740000,6173333.33,3.78932584,4.75280899,1.16397437,NA,QC2016,2020-10-22,2020,WA,QC2016,WA2020
QC 2017,2020-10-22T13:25:52Z,WA,NA,172.5,0.89733333,4573333.33,5076666.67,3.89044944,5.01123596,1.20226233,NA,QC2017,2020-10-22,2020,WA,QC2017,WA2020
QC 2019,2020-10-22T13:29:41Z,WA,NA,184.8,0.866,4743333.33,5476666.67,3.88483146,4.94101124,1.2149553,NA,QC2019,2020-10-22,2020,WA,QC2019,WA2020
QC 2021,2020-10-22T13:33:23Z,WA,NA,148,0.89366667,6336666.67,7103333.33,3.85674157,4.89325843,1.22437022,NA,QC2021,2020-10-22,2020,WA,QC2021,WA2020
QC 2035,2020-11-18T15:25:48Z,HI,NA,178.7,0.59633333,3990000,6470000,3.78176796,5.01933702,1.19349169,NA,QC2035,2020-11-18,2020,HI,QC2305,HI2020
QC 2037,2020-11-18T15:30:11Z,HI,NA,165.5,0.636,3843333.33,5980000,3.61049724,4.65745856,1.06081162,NA,QC2037,2020-11-18,2020,HI,QC2037,HI2020
QC 2044,2020-11-18T15:46:54Z,HI,NA,156.6,0.8395,1845000,2205000,3.60497238,4.7320442,1.17684959,NA,QC2044,2020-11-18,2020,HI,QC2044,HI2020
QC 2047,2020-11-18T15:52:58Z,HI,NA,157.4,0.66366667,3666666.67,5490000,3.74585635,4.80662983,1.14919721,NA,QC2047,2020-11-18,2020,HI,QC2047,HI2020
QC 2052,2020-11-18T16:04:01Z,HI,NA,200.9,0.76033333,3400000,4460000,3.67204301,4.96505376,1.19353585,NA,QC2052,2020-11-18,2020,HI,QC2052,HI2020
QC 2061,2021-01-26T17:35:13Z,WA,NA,182.7,0.74733333,2983333.33,3966666.67,3.86225895,4.88980716,1.32717281,NA,QC2061,2021-01-26,2021,WA,QC2061,WA2021
QC 2062,2021-01-26T17:38:13Z,WA,NA,178.8,0.84866667,3340000,3923333.33,3.78787879,4.86501377,1.28376942,NA,QC2062,2021-01-26,2021,WA,QC2062,WA2021
QC 2065,2021-01-26T17:44:49Z,WA,NA,172.7,0.76566667,2520000,3300000,3.74104683,4.81818182,1.21176608,NA,QC2065,2021-01-26,2021,WA,QC2065,WA2021
QC 2066,2021-01-26T17:47:49Z,WA,NA,196.5,0.759,1220000,1650000,3.7630854,4.95041322,1.29421924,NA,QC2066,2021-01-26,2021,WA,QC2066,WA2021
QC 2068,2021-01-26T17:52:41Z,WA,NA,181.1,0.85033333,2766666.67,3263333.33,3.74931129,4.89807163,1.24519464,NA,QC2068,2021-01-26,2021,WA,QC2068,WA2021
QC 2075,2021-01-26T18:07:28Z,WA,NA,199.4,0.83766667,2813333.33,3280000,3.80547945,4.88767123,1.25720182,NA,QC2075,2021-01-26,2021,WA,QC2075,WA2021
QC 2078,2021-01-26T18:13:47Z,WA,NA,210.7,0.817,4800000,5860000,3.78356164,4.79178082,1.28206861,NA,QC2078,2021-01-26,2021,WA,QC2078,WA2021
QC 2082,2021-01-26T18:21:59Z,WA,NA,162.3,0.71933333,2466666.67,3443333.33,3.71232877,4.63013699,1.10679083,NA,QC2082,2021-01-26,2021,WA,QC2082,WA2021
QC 2090,2021-01-26T18:39:14Z,WA,NA,125.7,0.89666667,5686666.67,6346666.67,3.85359116,4.85082873,1.24869665,NA,QC2090,2021-01-26,2021,WA,QC2090,WA2021
QC 2094,2021-01-26T18:48:40Z,WA,NA,183.9,0.83133333,4043333.33,4863333.33,3.72375691,4.95303867,1.22632028,NA,QC2094,2021-01-26,2021,WA,QC2904,WA2021
QC 2098,2021-01-26T18:57:42Z,WA,NA,206.3,0.89833333,4133333.33,4610000,3.8480663,4.8839779,1.27559001,NA,QC2098,2021-01-26,2021,WA,QC2098,WA2021
QC 2101,2021-02-03T18:00:00Z,WA,NA,172.3,0.64133333,2512333.33,3593333.33,3.75956284,4.85519126,1.15979941,NA,QC2101,2021-02-03,2021,WA,QC2101,WA2021
QC 2105,2021-02-03T18:08:46Z,WA,NA,210.2,0.82733333,1823333.33,2210000,3.87978142,4.92896175,1.16127772,NA,QC2105,2021-02-03,2021,WA,QC2105,WA2021
QC 2106,2021-02-03T18:10:57Z,WA,NA,185.6,0.85333333,1030333.33,1209666.67,3.81693989,4.8989071,1.28327022,NA,QC2106,2021-02-03,2021,WA,QC2106,WA2021
QC 2111,2021-02-03T18:24:11Z,WA,NA,173.1,0.78466667,2300000,2883333.33,3.8038674,4.8121547,1.17670097,NA,QC2111,2021-02-03,2021,WA,QC2111,WA2021
QC 2112,2021-02-03T18:26:38Z,WA,NA,185.1,0.855,4413333.33,5116666.67,3.72651934,4.83977901,1.25129281,NA,QC2112,2021-02-03,2021,WA,QC2112,WA2021
QC 2113,2021-02-03T18:28:50Z,WA,NA,188.4,0.85233333,4283333.33,5030000,3.80662983,5.09392265,1.24584944,NA,QC2113,2021-02-03,2021,WA,QC2113,WA2021
QC 2115,2021-02-03T18:39:54Z,WA,NA,181.3,0.78566667,3366666.67,4283333.33,3.8480663,4.81491713,1.15550402,NA,QC2115,2021-02-03,2021,WA,QC2115,WA2021
QC 2116,2021-02-03T18:42:06Z,WA,NA,178.7,0.851,3200000,3756666.67,3.84530387,4.90607735,1.14353552,NA,QC2116,2021-02-03,2021,WA,QC2116,WA2021
QC 2119,2021-02-03T18:48:10Z,WA,NA,182.5,0.69966667,3306666.67,4686666.67,3.74033149,4.89226519,1.1974741,NA,QC2119,2021-02-03,2021,WA,QC2119,WA2021
QC 2124,2021-02-03T18:58:30Z,WA,NA,178.3,0.84133333,3386666.67,3926666.67,3.80662983,4.95303867,1.15459133,NA,QC2124,2021-02-03,2021,WA,QC2124,WA2021
QC 2128,2021-02-03T19:07:08Z,WA,NA,189.7,0.741,2600000,3500000,3.70441989,4.89226519,1.17122202,NA,QC2128,2021-02-03,2021,WA,QC2128,WA2021
QC 2129,2021-02-03T19:09:21Z,WA,NA,178,0.764,4336666.67,5653333.33,3.75414365,5.00276243,1.22949329,NA,QC2129,2021-02-03,2021,WA,QC2129,WA2021
QC 2130,2021-02-03T19:11:30Z,WA,NA,174.7,0.86466667,3316666.67,3836666.67,3.78453039,4.82044199,1.17829351,NA,QC2130,2021-02-03,2021,WA,QC2130,WA2021
QC 2131,2021-02-03T19:14:19Z,WA,NA,188.4,0.79166667,3156666.67,3963333.33,3.98066298,5.08839779,1.26792335,NA,QC2131,2021-02-03,2021,WA,QC2131,WA2021
QC 2134,2021-02-03T19:21:16Z,WA,NA,161.4,0.90766667,2730000,3003333.33,3.74861878,4.78176796,1.23197614,NA,QC2134,2021-02-03,2021,WA,QC2134,WA2021
QC 2135,2021-02-03T19:23:18Z,WA,NA,169.2,0.77766667,4206666.67,5403333.33,3.84254144,4.85911602,1.19050838,NA,QC2135,2021-02-03,2021,WA,QC2135,WA2021
QC 2136,2021-02-03T19:25:21Z,WA,NA,145.4,0.79433333,1743333.33,2150000,3.71546961,4.67679558,1.23465861,NA,QC2136,2021-02-03,2021,WA,QC2136,WA2021
QC 2140,2021-02-09T16:00:37Z,WA,NA,226.4,0.87566667,6273333.33,7160000,3.93854749,5.04469274,1.46885169,NA,QC2140,2021-02-09,2021,WA,QC2140,WA2021
QC 2141,2021-02-09T16:02:33Z,WA,NA,174,0.82433333,2823333.33,3416666.67,3.72905028,4.80167598,1.09762526,NA,QC2141,2021-02-09,2021,WA,QC2141,WA2021
QC 2142,2021-02-09T16:04:43Z,WA,NA,184,0.72033333,2416666.67,3346666.67,3.99441341,5.05865922,1.15646709,NA,QC2142,2021-02-09,2021,WA,QC2142,WA2021
QC 2144,2021-02-09T16:09:22Z,WA,NA,201.1,0.764,1863333.33,2433333.33,3.84636872,4.96089385,1.18929311,NA,QC2144,2021-02-09,2021,WA,QC2144,WA2021
QC 2146,2021-02-09T16:13:29Z,WA,NA,204,0.85366667,4813333.33,5623333.33,3.83519553,5.08100559,1.32397688,NA,QC2146,2021-02-09,2021,WA,QC2146,WA2021
QC 2147,2021-02-09T16:15:28Z,WA,NA,173.6,0.76033333,2673333.33,3420000,3.80726257,4.86871508,1.17282765,NA,QC2147,2021-02-09,2021,WA,QC2147,WA2021
QC 2168,2021-02-09T17:02:55Z,WA,NA,195.1,0.96266667,4806666.67,5e+06,3.86149584,4.89473684,1.17853552,NA,QC2168,2021-02-09,2021,WA,QC2168,WA2021
QC 2172,2021-02-09T17:11:09Z,WA,NA,166.4,0.909,3950000,4336666.67,3.70360111,4.72576177,1.18216921,NA,QC2172,2021-02-09,2021,WA,QC2172,WA2021
QC 2175,2021-02-09T17:16:56Z,WA,NA,200.5,0.88133333,4170000,4706666.67,3.91966759,4.966759,1.25703056,NA,QC2175,2021-02-09,2021,WA,QC2175,WA2021
QC 2187,2021-02-24T14:31:22Z,HI,NA,182.8,0.85666667,8400000,9790000,3.72905028,4.91061453,1.21504714,NA,QC2187,2021-02-24,2021,HI,QC2187,HI2021
QC 2189,2021-02-24T14:37:08Z,HI,NA,174.4,0.831,4400000,5226666.67,3.65083799,5.00558659,1.17311561,NA,QC2189,2021-02-24,2021,HI,QC2189,HI2021
QC 2192,2021-02-24T14:43:22Z,HI,NA,182.4,0.73666667,4566666.67,6196666.67,3.74444444,4.78888889,1.14988849,NA,QC2192,2021-02-24,2021,HI,QC2192,HI2021
QC 2193,2021-02-24T14:45:52Z,HI,NA,151.6,0.163,15233.3333,31166.6667,3.71944444,5.00555556,1.1897712,NA,QC2193,2021-02-24,2021,HI,NA,HI2021
QC 2195,2021-02-24T14:51:44Z,HI,NA,158.3,0.83433333,6100000,7283333.33,3.73333333,4.75833333,1.09011784,NA,QC2195,2021-02-24,2021,HI,QC2195,HI2021
QC 2196,2021-02-24T14:54:07Z,HI,NA,151.7,0.83866667,4226666.67,5070000,3.56944444,4.625,1.0665208,NA,QC2196,2021-02-24,2021,HI,NA,HI2021
QC 2201,2021-02-24T15:22:37Z,HI,NA,165.3,0.904,6510000,7140000,3.71944444,4.85555556,1.24989339,NA,QC2201,2021-02-24,2021,HI,QC2201,HI2021
QC 2202,2021-02-24T15:25:44Z,HI,NA,181.1,0.83566667,2986666.67,3573333.33,3.68055556,4.93055556,1.10134334,NA,QC2202,2021-02-24,2021,HI,QC2202,HI2021
QC 2211,2021-02-24T15:57:32Z,GA,NA,205.7,0.894,8096666.67,8996666.67,3.78116343,5.07202216,1.40432843,NA,QC2211,2021-02-24,2021,GA,QC2211,GA2021
QC 2224,2021-04-21T11:59:48Z,HI,NA,147.4,0.88166667,4216666.67,4783333.33,3.97457627,4.84463277,1.14803537,NA,QC2224,2021-04-21,2021,HI,QC2224,HI2021
QC 2225,2021-04-21T12:01:56Z,HI,NA,186.5,0.896,7753333.33,8663333.33,3.81355932,5.05649718,1.27522781,NA,QC2225,2021-04-21,2021,HI,QC2225,HI2021
QC 2228,2021-04-21T12:08:38Z,HI,NA,166.6,0.88366667,6496666.67,7346666.67,3.86440678,2.0960452,1.17796567,NA,QC2228,2021-04-21,2021,HI,QC2228,HI2021
QC 2229,2021-04-21T12:10:45Z,HI,NA,164.2,0.86566667,4010000,4650000,3.81638418,4.94350282,1.23295329,NA,QC2229,2021-04-21,2021,HI,QC2229,HI2021
QC 2231,2021-04-21T12:15:13Z,HI,NA,192,0.80525,6367500,7575000,3.87570621,5.02824859,1.30483745,NA,QC2231,2021-04-21,2021,HI,QC2231,HI2021
QC 2270,2021-05-13T21:23:35Z,MN,NA,165.6,0.839,2843333.33,3383333.33,3.87570621,5.05084746,1.2483657,NA,QC2270,2021-05-13,2021,MN,QC2270,MN2021
QC 2272,2021-05-13T21:28:00Z,MN,NA,175.1,0.89966667,6006666.67,6710000,3.9039548,5.01694915,1.31640763,NA,QC2272,2021-05-13,2021,MN,QC2272,MN2021
QC 2274,2021-05-13T21:31:50Z,MN,NA,156.8,0.92533333,5030000,5446666.67,3.9039548,5.00847458,1.26551845,NA,QC2274,2021-05-13,2021,MN,QC2274,MN2021
QC 2275,2021-05-13T21:34:19Z,MN,NA,161.5,0.85633333,5543333.33,6486666.67,4.01412429,5.08757062,1.25416336,NA,QC2275,2021-05-13,2021,MN,QC2275,MN2021
QC 2276,2021-05-13T21:36:04Z,MN,NA,149.5,0.964,6186666.67,6426666.67,3.72033898,1.93502825,1.28145506,NA,QC2276,2021-05-13,2021,MN,QC2276,MN2021
QC 2277,2021-05-13T21:38:59Z,MN,NA,166.8,0.902,4166666.67,4583333.33,3.79096045,4.92372881,1.23153509,NA,QC2277,2021-05-13,2021,MN,QC2277,MN2021
QC 2278,2021-05-13T21:40:52Z,MN,NA,131.3,0.82166667,4970000,6013333.33,3.73163842,4.80508475,1.17516777,NA,QC2278,2021-05-13,2021,MN,QC2278,MN2021
QC 2279,2021-05-13T21:42:51Z,MN,NA,149.7,0.77333333,2510000,3250000,3.54647887,4.85915493,1.1887373,NA,QC2279,2021-05-13,2021,MN,QC2279,MN2021
QC 2281,2021-05-13T21:47:01Z,MN,NA,155.4,0.89466667,2913333.33,3200000,3.63380282,4.70140845,1.19358882,NA,QC2281,2021-05-13,2021,MN,QC2281,MN2021
QC 2309,2021-06-16T15:32:13Z,HI,NA,181.1,0.791,4473333.33,5653333.33,3.76553672,5.00847458,1.25400132,NA,QC2309,2021-06-16,2021,HI,QC2309,HI2021
QC 2310,2021-06-16T15:34:18Z,HI,NA,189.8,0.76766667,5443333.33,7090000,3.91242938,4.93502825,NA,NA,QC2310,2021-06-16,2021,HI,QC2310,HI2021
QC 2311,2021-06-16T15:36:31Z,HI,NA,196.9,0.82666667,8306666.67,10113333.3,3.9180791,5.07062147,1.25536986,NA,QC2311,2021-06-16,2021,HI,QC2311,HI2021
QC 2312,2021-06-16T15:39:39Z,HI,NA,201,0.70533333,2216666.67,3110000,3.80508475,5.10169492,1.27607208,NA,QC2312,2021-06-16,2021,HI,QC2312,HI2021
QC 2314,2021-06-16T15:44:39Z,HI,NA,207.5,0.838,7423333.33,8900000,3.78813559,5.1440678,1.2595956,NA,QC2314,2021-06-16,2021,HI,QC2314,HI2021
QC 2315,2021-06-16T15:46:55Z,HI,NA,200.3,0.80933333,5923333.33,7356666.67,3.8220339,5.03954802,1.2146553,NA,QC2315,2021-06-16,2021,HI,QC2315,HI2021
QC 2319,2021-06-16T15:56:11Z,HI,NA,177.6,0.81033333,8073333.33,9936666.67,3.70056497,4.90112994,1.26551845,NA,QC2319,2021-06-16,2021,HI,QC2319,HI2021
QC 2322,2021-06-16T16:02:26Z,HI,NA,193.4,0.72133333,2940000,4090000,3.74011299,4.85875706,1.32776605,NA,QC2322,2021-06-16,2021,HI,QC2322,HI2021
QC 2325,2021-06-16T16:09:58Z,HI,NA,193.2,0.71366667,5820000,8150000,3.86158192,4.93785311,1.2143876,NA,QC2325,2021-06-16,2021,HI,QC2325,HI2021
QC 2327,2021-06-16T16:14:18Z,HI,NA,194,0.639,1816666.67,2723333.33,3.78813559,4.92655367,1.25383927,NA,QC2327,2021-06-16,2021,HI,QC2327,HI2021
QC 2329,2021-06-16T16:18:15Z,HI,NA,185.1,0.82366667,7923333.33,9603333.33,3.85310734,5.07062147,1.21739583,NA,QC2329,2021-06-16,2021,HI,NA,HI2021
QC 2332,2021-06-16T16:25:27Z,HI,NA,198.2,0.77566667,4906666.67,6313333.33,3.84463277,5.12146893,1.26977443,NA,QC2332,2021-06-16,2021,HI,QC2332,HI2021
QC 2333,2021-06-16T16:27:43Z,HI,NA,183.1,0.848,3906666.67,4576666.67,3.78531073,4.98305085,1.24296203,NA,QC2333,2021-06-16,2021,HI,QC2333,HI2021
QC 2334,2021-06-16T16:29:50Z,HI,NA,196.7,0.65933333,3686666.67,5523333.33,3.77118644,5.05367232,1.14633489,NA,QC2334,2021-06-16,2021,HI,QC2334,HI2021
QC 2337,2021-06-16T16:36:06Z,HI,NA,164.7,0.86333333,6286666.67,7333333.33,3.75706215,4.75988701,1.2253651,NA,QC2337,2021-06-16,2021,HI,QC2337,HI2021
QC 2345,2021-07-14T15:37:41Z,GA,NA,221.6,0.90033333,8836666.67,9753333.33,3.9180791,5.12146893,1.29226775,NA,QC2345,2021-07-14,2021,GA,QC2345,GA2021
QC 2351,2021-07-14T15:49:38Z,GA,NA,241.6,0.86033333,8323333.33,9613333.33,3.89265537,5.0819209,1.32033802,NA,QC2351,2021-07-14,2021,GA,QC2351,GA2021
QC 2356,2021-07-14T16:02:09Z,GA,NA,232.6,0.74133333,7343333.33,9910000,4.08474576,5.3220339,1.33329468,NA,QC2356,2021-07-14,2021,GA,QC2356,GA2021
QC 2358,2021-07-14T16:06:43Z,GA,NA,254.7,0.78066667,5576666.67,6936666.67,4.15254237,5.35875706,1.32629603,NA,QC2358,2021-07-14,2021,GA,QC2358,GA2021
QC 2362,2021-07-14T16:15:13Z,GA,NA,238,0.782,7146666.67,9133333.33,4.11864407,5.20903955,1.33867905,NA,QC2362,2021-07-14,2021,GA,QC2362,GA2021
QC 2363,2021-07-14T16:17:03Z,GA,NA,214.4,0.748,7333333.33,9790000,4.10169492,5.21468927,1.28389872,NA,QC2363,2021-07-14,2021,GA,QC2363,GA2021
QC 2364,2021-07-14T16:19:40Z,GA,NA,212.6,0.64166667,4096666.67,5990000,4.08474576,5.11864407,1.30338444,NA,QC2364,2021-07-14,2021,GA,QC2364,GA2021
QC 2365,2021-07-14T16:21:44Z,GA,NA,205.4,0.791,6960000,8776666.67,3.98587571,5.01129944,1.29233065,NA,QC2365,2021-07-14,2021,GA,QC2365,GA2021
QC 2366,2021-07-14T16:24:16Z,GA,NA,247.2,0.898,7873333.33,8770000,4.08474576,5.21751412,1.35595942,NA,QC2366,2021-07-14,2021,GA,QC2366,GA2021
QC 2367,2021-07-14T16:25:58Z,GA,NA,234,0.903,5373333.33,5970000,4.08474576,5.18361582,1.30090318,NA,QC2367,2021-07-14,2021,GA,QC2367,GA2021
QC 2422,2021-10-22T11:07:22Z,GA,NA,241.1,0.912,5736666.67,6200000,4.03351955,5.06703911,1.32666042,NA,QC2422,2021-10-22,2021,GA,QC2422,GA2021
QC 2425,2021-10-22T11:14:27Z,GA,NA,237.3,0.93633333,8726666.67,9326666.67,3.87709497,4.89944134,1.22906206,NA,QC2425,2021-10-22,2021,GA,QC2425,GA2021
QC 2426,2021-10-22T11:16:27Z,GA,NA,235.9,0.91033333,5616666.67,6183333.33,3.93575419,4.8547486,1.21214931,NA,QC2426,2021-10-22,2021,GA,QC2426,GA2021
QC 2429,2022-02-02T17:18:01Z,WA,NA,168.5,0.894,5086666.67,5690000,3.88920455,5.08522727,1.16760377,NA,QC2429,2022-02-02,2022,WA,QC2429,WA2022
QC 2433,2022-02-02T17:28:28Z,WA,NA,169.3,0.89766667,3496666.67,3886666.67,3.85795455,4.81818182,1.15231321,NA,QC2433,2022-02-02,2022,WA,QC2433,WA2022
QC 2436,2022-02-02T17:35:28Z,WA,NA,184,0.92633333,2983333.33,3220000,3.85795455,4.84090909,1.21012997,NA,QC2436,2022-02-02,2022,WA,QC2436,WA2022
QC 2441,2022-02-02T17:46:35Z,WA,NA,159.3,0.89033333,2813333.33,3143333.33,3.84375,4.99147727,1.16455466,NA,QC2441,2022-02-02,2022,WA,QC2441,WA2022
QC 2451,2022-02-02T18:10:17Z,WA,NA,161.2,0.726,3060000,4193333.33,3.78977273,4.93181818,1.23257753,NA,QC2451,2022-02-02,2022,WA,QC2451,WA2022
QC 2473,2022-02-25T13:37:32Z,HI,NA,183.7,0.858,4193333.33,4886666.67,3.89204545,5.19318182,1.25708646,NA,QC2473,2022-02-25,2022,HI,QC2473,HI2022
QC 2475,2022-02-25T13:41:49Z,HI,NA,181.3,0.138,241100,1540666.67,3.89111748,5.14613181,1.20336788,NA,QC2475,2022-02-25,2022,HI,QC2475,HI2022
QC 2477,2022-02-25T13:46:34Z,HI,NA,201.1,0.84366667,2483333.33,2933333.33,5.04584527,3.94842407,1.28928831,NA,QC2477,2022-02-25,2022,HI,QC2477,HI2022
QC 2478,2022-02-25T13:48:36Z,HI,NA,185.9,0.87233333,1676666.67,1943333.33,3.86819484,4.98280802,1.3022365,NA,QC2478,2022-02-25,2022,HI,QC2478,HI2022
QC 2479,2022-02-25T13:50:50Z,HI,NA,198,0.81833333,3793333.33,4596666.67,4.0286533,5.34097421,1.31939023,NA,QC2479,2022-02-25,2022,HI,QC2479,HI2022
QC 2480,2022-02-25T13:52:55Z,HI,NA,178.6,0.82033333,1916666.67,2320000,3.85959885,5.05730659,1.22044231,NA,QC2480,2022-02-25,2022,HI,QC2480,HI2022
QC 2482,2022-02-25T13:57:20Z,HI,NA,169.6,0.83866667,3020000,3513333.33,3.89684814,5.03724928,1.10035935,NA,QC2482,2022-02-25,2022,HI,QC2482,HI2022
QC 2486,2022-02-25T14:08:08Z,HI,NA,196,0.80166667,1310000,1650000,3.87679083,5.14040115,1.24182664,NA,QC2486,2022-02-25,2022,HI,QC2486,HI2022
QC 2487,2022-02-25T14:10:29Z,HI,NA,199.9,0.83066667,4220000,4953333.33,3.81948424,5.03438395,1.17712996,NA,QC2487,2022-02-25,2022,HI,QC2487,HI2022
QC 2490,2022-02-25T14:17:20Z,HI,NA,192.8,0.85066667,3640000,4233333.33,4.03438395,5.3008596,1.19472385,NA,QC2490,2022-02-25,2022,HI,QC2490,HI2022
QC 2495,2022-03-16T12:22:12Z,GA,NA,214.1,0.81166667,5606666.67,6906666.67,3.93465909,5.07386364,1.18473238,NA,QC2495,2022-03-16,2022,GA,QC2495,GA2022
QC 2521,2022-04-12T19:14:06Z,SCA,NA,231.5,0.82333333,2503333.33,3023333.33,3.92613636,5.10511364,1.3338241,NA,QC2521,2022-04-12,2022,CA,QC2521,CA2022
QC 2522,2022-04-12T19:16:11Z,SCA,NA,242.7,0.88166667,3446666.67,3896666.67,3.87784091,5.11647727,1.22279273,NA,QC2522,2022-04-12,2022,CA,QC2522,CA2022
QC 2524,2022-04-12T19:19:52Z,SCA,NA,223.8,0.869,4896666.67,5553333.33,3.94886364,5.02840909,1.21446146,NA,QC2524,2022-04-12,2022,CA,QC2524,CA2022
QC 2525,2022-04-12T19:21:33Z,SCA,NA,238.8,0.783,5800000,7400000,3.76420455,4.96022727,1.30794903,NA,QC2525,2022-04-12,2022,CA,QC2525,CA2022
QC 2526,2022-04-12T19:23:34Z,SCA,NA,249.6,0.86733333,3550000,4073333.33,4.07670455,5.08806818,1.35935032,NA,QC2526,2022-04-12,2022,CA,QC2526,CA2022
QC 2529,2022-04-12T19:29:00Z,SCA,NA,268.9,0.86066667,3420000,3943333.33,3.89772727,5.14488636,1.25716003,NA,QC2529,2022-04-12,2022,CA,QC2529,CA2022
QC 2532,2022-04-12T19:35:33Z,SCA,NA,230.2,0.90333333,4096666.67,4546666.67,3.84659091,4.90625,1.31682826,NA,QC2532,2022-04-12,2022,CA,QC2532,CA2022
QC 2534,2022-04-12T19:39:35Z,SCA,NA,250,0.829,3906666.67,4596666.67,3.98295455,5.15909091,1.31682826,NA,QC2534,2022-04-12,2022,CA,QC2534,CA2022
QC 2535,2022-04-12T19:41:19Z,SCA,NA,233,0.874,3193333.33,3633333.33,3.82670455,5,1.18833084,NA,QC2535,2022-04-12,2022,CA,QC2535,CA2022
QC 2536,2022-04-12T19:43:16Z,SCA,NA,247.5,0.915,5426666.67,5940000,3.91193182,5.12215909,1.2442772,NA,QC2536,2022-04-12,2022,CA,QC2536,CA2022
QC 2537,2022-04-12T19:45:01Z,SCA,NA,216.3,0.763,2576666.67,3356666.67,3.84375,5.02272727,1.21876069,NA,QC2537,2022-04-12,2022,CA,QC2537,CA2022
QC 2539,2022-04-12T19:49:08Z,SCA,NA,208.5,0.875,2876666.67,3236666.67,3.87784091,4.82670455,1.1816666,NA,QC2539,2022-04-12,2022,CA,QC2539,CA2022
QC 2541,2022-04-12T19:52:58Z,SCA,NA,233.2,0.753,3810000,4990000,3.86647727,5.01704545,1.24867129,NA,QC2541,2022-04-12,2022,CA,QC2541,CA2022
QC 2545,2022-04-20T15:26:17Z,HI,NA,217.9,0.894,8886666.67,9846666.67,3.71468144,5.01939058,1.20508357,NA,QC2545,2022-04-20,2022,HI,QC2545,HI2022
QC 2549,2022-04-20T15:34:10Z,HI,NA,205,0.925,4273333.33,4596666.67,3.62603878,4.8033241,1.21754098,NA,QC2549,2022-04-20,2022,HI,QC2549,HI2022
QC 2555,2022-04-20T15:46:19Z,HI,NA,187.9,0.58866667,2245000,3603333.33,3.73130194,4.80055402,1.13438514,NA,QC2555,2022-04-20,2022,HI,QC2555,HI2022
QC 2556,2022-04-20T15:48:37Z,HI,NA,209.9,0.85833333,6263333.33,7253333.33,3.76177285,4.88642659,1.04721816,NA,QC2556,2022-04-20,2022,HI,QC2556,HI2022
QC 2559,2022-04-20T15:55:10Z,HI,NA,190.6,0.48033333,2170000,4520000,3.7534626,4.84210526,1.2007912,NA,QC2559,2022-04-20,2022,HI,QC2559,HI2022
QC 2565,2022-04-20T16:07:43Z,HI,NA,NA,0.83966667,4790000,5600000,3.77562327,4.95567867,1.10926829,NA,QC2565,2022-04-20,2022,HI,QC2565,HI2022
QC 2569,2022-04-20T16:16:01Z,HI,NA,227,0.88733333,5900000,6630000,3.79224377,5.01385042,1.10395336,NA,QC2569,2022-04-20,2022,HI,QC2569,HI2022
QC 2570,2022-04-20T16:18:05Z,HI,NA,200.4,0.85966667,4036666.67,4680000,3.70637119,4.98614958,1.15915166,NA,QC2570,2022-04-20,2022,HI,QC2570,HI2022
QC 2574,2022-04-27T16:45:27Z,SCA,NA,227.5,0.70133333,1160000,1660000,3.97229917,5.00277008,1.27512637,NA,QC2574,2022-04-27,2022,CA,QC2574,CA2022
QC 2577,2022-04-27T16:51:36Z,SCA,NA,250.7,0.638,627666.667,912333.333,3.90858726,5.09972299,1.30467352,NA,QC2577,2022-04-27,2022,CA,QC2577,CA2022
QC 2580,2022-04-27T16:58:54Z,SCA,NA,258.9,0.72933333,2143333.33,2883333.33,3.91966759,5.2132964,1.32966657,NA,QC2580,2022-04-27,2022,CA,QC2580,CA2022
QC 2581,2022-04-27T17:00:53Z,SCA,NA,218.6,0.74133333,2146666.67,2830000,3.81717452,5.15235457,1.32820725,NA,QC2581,2022-04-27,2022,CA,QC2581,CA2022
QC 2582,2022-04-27T17:03:51Z,SCA,NA,198.6,0.898,1810000,2010000,3.77839335,4.89473684,1.18851172,NA,QC2582,2022-04-27,2022,CA,QC2582,CA2022
QC 2588,2022-04-27T17:18:16Z,SCA,NA,235.1,0.82433333,4610000,5613333.33,3.92520776,5.01939058,1.3254607,NA,QC2588,2022-04-27,2022,CA,QC2588,CA2022
QC 2589,2022-04-27T17:20:27Z,SCA,NA,210.8,0.71366667,2200000,3010000,3.966759,5.10526316,1.31297431,NA,QC2589,2022-04-27,2022,CA,QC2589,CA2022
QC 2590,2022-04-27T17:22:37Z,SCA,NA,220.4,0.63033333,3413333.33,5350000,3.94736842,5.03878116,1.29306339,NA,QC2590,2022-04-27,2022,CA,QC2590,CA2022
QC 2594,2022-04-27T17:30:46Z,SCA,NA,221.5,0.45166667,1013333.33,2206666.67,4.11634349,5.17451524,1.27836329,NA,QC2594,2022-04-27,2022,CA,QC2594,CA2022
QC 2598,2022-04-27T17:40:57Z,SCA,NA,221.7,0.80766667,6693333.33,8286666.67,3.86149584,5.02216066,1.35419483,NA,QC2598,2022-04-27,2022,CA,QC2598,CA2022
QC 2601,2022-04-27T17:48:26Z,SCA,NA,230.1,0.70033333,4e+06,5726666.67,3.90304709,4.99168975,1.31707541,NA,QC2601,2022-04-27,2022,CA,QC2601,CA2022
QC 2602,2022-04-27T17:50:20Z,SCA,NA,164.8,0.311,213333.333,483333.333,3.67036011,4.39889197,1.04997606,NA,QC2602,2022-04-27,2022,CA,QC2602,CA2022
QC 2606,2022-04-27T17:58:27Z,SCA,NA,247.5,0.659,2470000,3726666.67,3.9501385,5.02216066,1.27478153,NA,QC2606,2022-04-27,2022,CA,QC2606,CA2022
QC 2610,2022-04-27T18:06:42Z,SCA,NA,261.1,0.65666667,2050000,3200000,3.96121884,5.31301939,1.37540214,NA,QC2610,2022-04-27,2022,CA,QC2610,CA2022
QC 2705,2022-06-08T16:51:38Z,NCA,NA,210.6,0.734,5056666.67,6966666.67,3.67213115,5.1147541,1.26524888,NA,QC2705,2022-06-08,2022,CA,QC2705,CA2022
QC 2707,2022-06-08T16:55:14Z,NCA,NA,206.7,0.82533333,5186666.67,6260000,3.78142077,4.95628415,1.20817541,NA,QC2707,2022-06-08,2022,CA,QC2707,CA2022
QC 2708,2022-06-08T16:57:11Z,NCA,NA,241.3,0.893,5976666.67,6680000,3.81967213,5.06557377,1.28432155,NA,QC2708,2022-06-08,2022,CA,QC2708,CA2022
QC 2710,2022-06-08T17:01:13Z,NCA,NA,213.9,0.86533333,5873333.33,6773333.33,3.83060109,4.96174863,1.1967772,NA,QC2710,2022-06-08,2022,CA,QC2710,CA2022
QC 2714,2022-06-08T17:08:27Z,NCA,NA,209.9,0.90233333,7250000,8033333.33,3.90163934,4.98360656,1.273187,NA,QC2714,2022-06-08,2022,CA,QC2714,CA2022
QC 2716,2022-06-08T17:12:31Z,NCA,NA,219.9,0.84166667,2246666.67,2650000,3.70491803,4.81967213,1.26233075,NA,QC2716,2022-06-08,2022,CA,QC2716,CA2022
QC 2717,2022-06-08T17:15:11Z,NCA,NA,206.5,0.87133333,4590000,5263333.33,3.76502732,4.85245902,1.16663057,NA,QC2717,2022-06-08,2022,CA,QC2717,CA2022
QC 2720,2022-06-08T17:21:54Z,NCA,NA,163.7,0.81533333,3180000,3886666.67,3.51912568,4.78142077,1.13118912,NA,QC2720,2022-06-08,2022,CA,QC2720,CA2022
QC 2722,2022-06-08T17:25:45Z,NCA,NA,194.6,0.89333333,6276666.67,7026666.67,3.77595628,4.83060109,1.21864062,NA,QC2722,2022-06-08,2022,CA,QC2722,CA2022
QC 2733,2022-06-08T17:47:57Z,NCA,NA,199.3,0.861,8036666.67,9330000,3.59016393,4.9726776,1.31992869,NA,QC2733,2022-06-08,2022,CA,QC2733,CA2022
QC 2735,2022-06-08T17:51:58Z,NCA,NA,202.4,0.85833333,3393333.33,3766666.67,3.75409836,4.77595628,1.19925258,NA,QC2735,2022-06-08,2022,CA,QC2735,CA2022
QC 2743,2022-06-08T18:08:21Z,NCA,NA,175.7,0.80566667,4843333.33,5990000,3.66666667,4.49726776,1.08740455,NA,QC2743,2022-06-08,2022,CA,QC2743,CA2022
QC 2745,2022-06-08T18:12:22Z,NCA,NA,153.2,0.88866667,3210000,3613333.33,3.56284153,4.83060109,1.10100773,NA,QC2745,2022-06-08,2022,CA,QC2745,CA2022
QC 2748,2022-06-08T18:16:16Z,NCA,NA,196,0.85066667,3433333.33,4036666.67,3.72131148,4.90163934,1.10947,NA,QC2748,2022-06-08,2022,CA,QC2748,CA2022
QC 2749,2022-06-08T18:18:01Z,NCA,NA,148.6,0.714,5366666.67,7433333.33,3.71038251,4.80874317,1.11231064,NA,QC2749,2022-06-08,2022,CA,QC2749,CA2022
QC 2750,2022-06-08T18:20:08Z,NCA,NA,190.9,0.788,3440000,4146666.67,3.6557377,4.66120219,1.16385718,NA,QC2750,2022-06-08,2022,CA,QC2750,CA2022
QC 2751,2022-06-08T18:21:50Z,NCA,NA,161.6,0.23333333,621000,2606666.67,3.58469945,4.76502732,1.09825904,NA,QC2751,2022-06-08,2022,CA,QC2751,CA2022
QC 2753,2022-06-08T18:25:44Z,NCA,NA,189.3,0.92233333,4430000,4773333.33,3.54644809,4.59562842,1.17999707,NA,QC2753,2022-06-08,2022,CA,QC2753,CA2022
QC 2755,2022-06-08T18:29:51Z,NCA,NA,145.2,0.86266667,6670000,7643333.33,3.66120219,4.73224044,1.14495284,NA,QC2755,2022-06-08,2022,CA,QC2755,CA2022
QC 2756,2022-06-08T18:31:42Z,NCA,NA,193.3,0.87566667,6166666.67,7033333.33,3.6557377,5.02185792,1.20241867,NA,QC2756,2022-06-08,2022,CA,QC2756,CA2022
QC 2875,2022-09-07T13:45:14Z,NC,NA,207.5,0.674,3106666.67,4543333.33,3.44318182,4.56818182,1.2272135,NA,QC2875,2022-09-07,2022,NC,QC2875,NC2022
QC 2876,2022-09-07T13:47:12Z,NC,NA,197.8,0.73766667,5276666.67,7210000,3.56818182,4.59090909,1.17624949,NA,QC2876,2022-09-07,2022,NC,QC2876,NC2022
QC 2877,2022-09-07T13:49:11Z,NC,NA,246.2,0.655,3940000,6020000,3.57954545,4.63068182,1.18189702,NA,QC2877,2022-09-07,2022,NC,QC2877,NC2022
QC 2878,2022-09-21T11:38:11Z,GA,NA,242.6,0.772,5260000,6800000,3.9244186,4.93604651,1.26453077,NA,QC2878,2022-09-21,2022,GA,QC2878,GA2022
QC 2882,2022-09-21T11:48:20Z,GA,NA,276.5,0.78125,4945000,6270000,3.9127907,4.94767442,1.24729376,NA,QC2882,2022-09-21,2022,GA,QC2882,GA2022
QC 2885,2023-03-15T14:57:31Z,HI,NA,186,0.806,4005000,4955000,3.55080214,4.82887701,1.19268029,NA,QC2885,2023-03-15,2023,HI,QC2885,HI2023
QC 2890,2023-03-15T15:09:18Z,HI,NA,200.8,0.89133333,5896666.67,6596666.67,3.85561497,4.90374332,1.27243982,NA,QC2890,2023-03-15,2023,HI,QC2890,HI2023
QC 2893,2023-03-15T15:15:28Z,HI,NA,174.9,0.874,7426666.67,8500000,3.69518717,4.6631016,1.17055575,NA,QC2893,2023-03-15,2023,HI,QC2893,HI2023
QC 2895,2023-03-15T15:19:08Z,HI,NA,181.7,0.88866667,8356666.67,9316666.67,3.82352941,4.79144385,1.35282611,NA,QC2895,2023-03-15,2023,HI,QC2895,HI2023
QC 2898,2023-03-15T15:25:12Z,HI,NA,185.4,0.85533333,6873333.33,7993333.33,3.65775401,4.6684492,1.13915364,NA,QC2898,2023-03-15,2023,HI,QC2898,HI2023
QC 2899,2023-03-15T15:27:22Z,HI,NA,171.5,0.857,6463333.33,7510000,3.78609626,4.89839572,1.2934977,NA,QC2899,2023-03-15,2023,HI,QC2899,HI2023
QC 2901,2023-03-15T15:31:34Z,HI,NA,189.4,0.88366667,6060000,6806666.67,3.65240642,4.73796791,1.14451079,NA,QC2901,2023-03-15,2023,HI,QC2901,HI2023
QC 2902,2023-03-15T15:33:40Z,HI,NA,159.5,0.89933333,7130000,7920000,3.63101604,4.77005348,1.18134622,NA,QC2902,2023-03-15,2023,HI,QC2902,HI2023
QC 2903,2023-03-15T15:35:39Z,HI,NA,172.5,0.52166667,2853333.33,5503333.33,3.73796791,4.73262032,1.2409752,NA,QC2903,2023-03-15,2023,HI,QC2903,HI2023
QC 2906,2023-03-15T15:42:03Z,HI,NA,172.1,0.89233333,6290000,7070000,3.64171123,4.54545455,1.16999572,NA,QC2906,2023-03-15,2023,HI,QC2906,HI2023
QC 2908,2023-03-15T15:45:56Z,HI,NA,178.3,0.92233333,6283333.33,6840000,3.7540107,5.0855615,1.27009124,NA,QC2908,2023-03-15,2023,HI,QC2908,HI2023
QC 2910,2023-03-15T15:49:56Z,HI,NA,158.2,0.87833333,5956666.67,6720000,3.59893048,4.7540107,1.2409752,NA,QC2910,2023-03-15,2023,HI,QC2910,HI2023
QC 2912,2023-03-15T15:53:32Z,HI,NA,165.7,0.913,11293333.3,12366666.7,3.56684492,4.78074866,1.19268029,NA,QC2912,2023-03-15,2023,HI,QC2912,HI2023
QC 2918,2023-03-15T16:05:03Z,HI,NA,191.3,0.87866667,6826666.67,7693333.33,3.75935829,4.90909091,1.15515056,NA,QC2918,2023-03-15,2023,HI,QC2918,HI2023
QC 2921,2023-05-19T15:00:46Z,HI,NA,173.8,0.44816667,1917850,2649616.67,3.71779141,4.7791411,1.18118628,NA,QC2921,2023-05-19,2023,HI,QC2921,HI2023
QC 2923,2023-05-19T14:54:39Z,HI,NA,185.1,0.13925,56500,112600,3.71165644,4.97546012,1.10431834,NA,QC2923,2023-05-19,2023,HI,QC2923,HI2023
QC 2924,2023-05-19T15:07:09Z,HI,NA,162.5,0.5475,2519000,3236950,3.71779141,4.66257669,1.11013963,NA,QC2924,2023-05-19,2023,HI,QC2924,HI2023
QC 2925,2023-05-19T15:00:48Z,HI,NA,163.7,0.1255,12050,46225,3.67484663,4.78527607,1.12555138,NA,QC2925,2023-05-19,2023,HI,QC2925,HI2023
QC 2927,2023-05-19T15:08:59Z,HI,NA,163.9,0,0,0,3.60122699,4.79754601,1.21480776,NA,QC2927,2023-05-19,2023,HI,QC2927,HI2023
QC 2930,2023-05-19T15:12:44Z,HI,NA,178.9,0,0,0,3.82208589,4.74846626,1.20947053,NA,QC2930,2023-05-19,2023,HI,QC2930,HI2023
QC 2931,2023-05-19T15:35:25Z,HI,NA,193.4,0.22333333,30033.3333,45000,3.88343558,5.18404908,1.18392166,NA,QC2931,2023-05-19,2023,HI,QC2931,HI2023
QC 2932,2023-05-19T15:38:50Z,HI,NA,166.1,0,0,0,3.88343558,4.83435583,1.19882472,NA,QC2932,2023-05-19,2023,HI,QC2932,HI2023
QC 2933,2023-05-19T15:43:15Z,HI,NA,153.2,0,0,0,3.68711656,4.67484663,1.23299531,NA,QC2933,2023-05-19,2023,HI,QC2933,HI2023
QC 2934,2023-05-19T15:46:56Z,HI,NA,146.5,0.77533333,5063333.33,6426666.67,3.7607362,4.77300613,1.16257989,NA,QC2934,2023-05-19,2023,HI,QC2934,HI2023
QC 2936,2023-05-19T15:54:27Z,HI,NA,228.7,0.862,7116666.67,8223333.33,3.8404908,5.12883436,1.27330162,NA,QC2936,2023-05-19,2023,HI,QC2936,HI2023
QC 2939,2023-05-19T16:02:12Z,HI,NA,137.1,0.22266667,29800,59866.6667,3.59509202,4.38650307,1.11013963,NA,QC2939,2023-05-19,2023,HI,QC2939,HI2023
QC 2944,2023-05-19T16:15:01Z,HI,NA,176.9,0,0,0,3.72392638,4.85276074,1.11672474,NA,QC2944,2023-05-19,2023,HI,QC2944,HI2023
QC 2946,2023-05-19T16:19:17Z,HI,NA,195.6,0.81366667,6196666.67,7603333.33,3.6809816,4.76687117,1.25483903,NA,QC2946,2023-05-19,2023,HI,QC2946,HI2023
QC 2975,2023-06-06T13:55:41Z,MN,NA,216.1,0.828,3300000,3990000,3.92045455,4.96022727,1.20746065,NA,QC2975,2023-06-06,2023,MN,QC2975,MN2023
QC 2979,2023-06-06T14:07:02Z,MN,NA,188,0.88066667,3003333.33,3420000,3.84090909,5.03977273,1.2696532,NA,QC2979,2023-06-06,2023,MN,QC2979,MN2023
QC 2985,2023-06-08T15:14:20Z,HI,NA,180.2,0.85833333,5493333.33,6410000,4.08641975,5.40740741,1.31511497,NA,QC2985,2023-06-08,2023,HI,QC2985,HI2023
QC 2986,2023-06-08T15:17:04Z,HI,NA,175.6,0.85566667,7623333.33,8940000,4.14814815,5.22839506,1.3499937,NA,QC2986,2023-06-08,2023,HI,QC2986,HI2023
QC 2987,2023-06-08T15:19:15Z,HI,NA,215.5,0.83866667,6033333.33,7200000,4.29012346,5.4691358,1.38297675,NA,QC2987,2023-06-08,2023,HI,QC2987,HI2023
QC 3000,2023-06-08T15:49:05Z,HI,NA,179.5,0.87166667,5830000,6670000,4.25308642,5.42592593,1.27466957,NA,QC3000,2023-06-08,2023,HI,QC3000,HI2023
QC 3002,2023-06-08T15:53:35Z,HI,NA,171.1,0.824,6783333.33,8220000,4.12962963,5.41975309,1.34817763,NA,QC3002,2023-06-08,2023,HI,QC3002,HI2023
QC 3003,2023-06-08T15:55:20Z,HI,NA,167.9,0.696,3546666.67,5070000,4.10493827,4.9691358,1.15716313,NA,QC3003,2023-06-08,2023,HI,QC3003,HI2023
QC 3006,2023-06-08T16:01:42Z,HI,NA,163.8,0.678,2773333.33,4026666.67,4.16049383,5.2654321,1.23782674,NA,QC3006,2023-06-08,2023,HI,QC3006,HI2023
QC 3009,2023-06-08T16:07:55Z,HI,NA,201.3,0.85866667,5253333.33,6076666.67,4.32098765,5.54938272,1.36114221,NA,QC3009,2023-06-08,2023,HI,QC3009,HI2023
QC 3010,2023-06-08T16:09:58Z,HI,NA,180.3,0.90133333,4966666.67,5506666.67,4.18518519,5.38271605,1.32991705,NA,QC3010,2023-06-08,2023,HI,QC3010,HI2023
QC 3018,2023-06-13T15:25:17Z,HI,NA,228.4,0.881,7536666.67,8570000,3.85142857,4.86285714,1.3278252,NA,QC3018,2023-06-13,2023,HI,QC3018,HI2023
QC 3021,2023-06-13T15:34:58Z,HI,NA,271.9,0.83366667,9370000,11233333.3,4.03428571,5.24571429,1.3026475,NA,QC3021,2023-06-13,2023,HI,QC3021,HI2023
QC 3029,2023-06-13T15:54:31Z,HI,NA,263.3,0.75833333,5800000,7670000,3.92571429,5.25142857,1.34831651,NA,QC3029,2023-06-13,2023,HI,QC3029,HI2023
QC 3032,2023-06-13T16:01:22Z,HI,NA,231.8,0.77266667,6376666.67,8236666.67,3.96571429,5,1.35992214,NA,QC3032,2023-06-13,2023,HI,QC3032,HI2023
QC 3033,2023-06-13T16:03:26Z,HI,NA,246.2,0.85,6120000,7283333.33,3.79428571,4.90285714,1.20311308,NA,QC3033,2023-06-13,2023,HI,QC3033,HI2023
QC 3034,2023-06-13T16:05:33Z,HI,NA,253.1,0.721,7016666.67,9716666.67,3.87428571,4.98857143,1.31156936,NA,QC3034,2023-06-13,2023,HI,QC3034,HI2023
QC 3040,2023-06-13T16:18:05Z,HI,NA,228.5,0.78466667,8933333.33,11366666.7,3.97142857,5.33714286,1.35116572,NA,QC3040,2023-06-13,2023,HI,QC3040,HI2023
QC 3041,2023-06-13T16:19:51Z,HI,NA,239.1,0.888,6446666.67,7223333.33,3.98285714,5.05714286,1.25430759,NA,QC3041,2023-06-13,2023,HI,QC3041,HI2023
QC 3042,2023-06-13T16:21:50Z,HI,NA,240.6,0.94,5983333.33,6370000,3.83428571,5.04571429,1.25738638,NA,QC3042,2023-06-13,2023,HI,QC3042,HI2023
QC 3043,2023-06-13T16:23:57Z,HI,NA,248.7,0.90666667,9453333.33,10446666.7,3.88,5.28,1.24849358,NA,QC3043,2023-06-13,2023,HI,QC3043,HI2023
QC 3047,2023-06-13T16:31:48Z,HI,NA,225.2,0.732,5443333.33,7430000,3.86285714,5.04571429,1.28835051,NA,QC3047,2023-06-13,2023,HI,QC3047,HI2023
QC 3050,2023-07-06T11:09:13Z,HI,NA,253.8,0.87033333,5496666.67,6310000,4.20245399,5.23312883,1.31003151,NA,QC3050,2023-07-06,2023,HI,QC3050,HI2023
QC 3051,2023-07-06T11:17:26Z,HI,NA,233.1,0.845,5256666.67,6213333.33,4.01226994,5.19631902,1.36467749,NA,QC3051,2023-07-06,2023,HI,QC3051,HI2023
QC 3052,2023-07-06T11:22:16Z,HI,NA,206.6,0.893,4353333.33,4920000,3.7791411,4.94478528,1.19337585,NA,QC3052,2023-07-06,2023,HI,QC3052,HI2023
QC 3056,2023-07-06T11:51:14Z,HI,NA,231.8,0.883,3383333.33,3833333.33,3.95092025,4.9202454,1.28465472,NA,QC3056,2023-07-06,2023,HI,QC3056,HI2023
QC 3057,2023-07-06T12:00:34Z,HI,NA,238.6,0.825,7236666.67,8810000,4.06748466,5.03067485,1.35528677,NA,QC3057,2023-07-06,2023,HI,QC3057,HI2023
QC 3060,2023-07-06T12:11:44Z,HI,NA,203.4,0.889,7480000,8476666.67,3.9202454,4.95705521,1.24255821,NA,QC3060,2023-07-06,2023,HI,QC3060,HI2023
QC 3061,2023-07-06T12:24:29Z,HI,NA,218.5,0.735,5763333.33,7840000,4.11656442,5.17177914,1.34040722,NA,QC3061,2023-07-06,2023,HI,QC3061,HI2023
QC 3064,2023-07-06T13:35:38Z,HI,NA,205.3,0.785,5003333.33,6353333.33,4.01840491,4.62576687,1.16430986,NA,QC3064,2023-07-06,2023,HI,QC3064,HI2023
QC 3066,2023-07-06T13:42:07Z,HI,NA,231.2,0.82533333,3446666.67,4196666.67,4.06748466,5,1.30376119,NA,QC3066,2023-07-06,2023,HI,QC3066,HI2023
QC 3073,2023-07-06T14:02:15Z,HI,NA,212.4,0.77866667,3776666.67,4853333.33,3.99386503,4.86503067,1.25195238,NA,QC3073,2023-07-06,2023,HI,QC3073,HI2023
QC 3074,2023-07-06T14:04:51Z,HI,NA,225.4,0.85833333,5133333.33,5970000,3.97546012,5.06748466,1.29157451,NA,QC3074,2023-07-06,2023,HI,QC3074,HI2023
QC 3078,2023-07-06T14:15:20Z,HI,NA,221.4,0.90033333,5346666.67,5930000,4.03067485,5.09202454,1.32837637,NA,QC3078,2023-07-06,2023,HI,QC3078,HI2023
QC 3082,2023-07-06T14:25:19Z,HI,NA,253.6,0.85466667,7060000,8256666.67,4.18404908,5.2208589,1.29987757,NA,QC3082,2023-07-06,2023,HI,QC3082,HI2023
QC 3086,2023-07-11T13:41:18Z,SCA,NA,223.4,0.904,3376666.67,3750000,3.76646707,5.02994012,1.25138798,NA,QC3086,2023-07-11,2023,CA,QC3086,CA2023
QC 3092,2023-07-11T14:25:08Z,SCA,NA,222,0.78433333,4730000,6e+06,4,5.08383234,1.28421135,NA,QC3092,2023-07-11,2023,CA,QC3092,CA2023
QC 3094,2023-07-11T14:41:17Z,SCA,NA,151.5,0.65566667,2473333.33,3773333.33,3.75449102,4.64670659,1.17073445,NA,QC3094,2023-07-11,2023,CA,QC3094,CA2023
QC 3096,2023-07-11T14:46:04Z,SCA,NA,230.9,0.808,4660000,5660000,4.03592814,5.06586826,1.34461251,NA,QC3096,2023-07-11,2023,CA,QC3096,CA2023
QC 3102,2023-07-11T15:03:06Z,SCA,NA,173.5,0.81733333,5366666.67,6580000,3.81437126,5.07784431,1.28460234,NA,QC3102,2023-07-11,2023,CA,QC3102,CA2023
QC 3105,2023-07-11T15:10:18Z,SCA,NA,170.8,0.738,2760000,3743333.33,3.9760479,4.91616766,1.28721183,NA,QC3105,2023-07-11,2023,CA,QC3105,CA2023
QC 3107,2023-07-11T15:16:23Z,SCA,NA,197.7,0.392,1132750,2822500,3.8742515,4.95209581,1.270882,NA,QC3107,2023-07-11,2023,CA,QC3107,CA2023
QC 3111,2023-09-22T13:40:37Z,WA,NA,176.6,0.819,4673333.33,5693333.33,3.70481928,4.59638554,1.19277593,NA,QC3111,2023-09-22,2023,WA,QC3111,WA2023
QC 3112,2023-09-22T13:46:27Z,WA,NA,199.6,0.65966667,1626666.67,2450000,3.71686747,4.90963855,1.19546518,NA,QC3112,2023-09-22,2023,WA,QC3112,WA2023
QC 3114,2023-09-22T14:01:06Z,WA,NA,215.2,0.84433333,4810000,5723333.33,3.8313253,4.86144578,1.12952515,NA,QC3114,2023-09-22,2023,WA,QC3114,WA2023
QC 3115,2023-09-22T14:06:39Z,WA,NA,187.2,0.902,7466666.67,8266666.67,3.80120482,4.74096386,1.2769106,NA,QC3115,2023-09-22,2023,WA,QC3115,WA2023
QC 3121,2023-09-22T14:50:12Z,WA,NA,145.6,0.813,3826666.67,4736666.67,3.65662651,4.45180723,0.99739913,NA,QC3121,2023-09-22,2023,WA,QC3121,WA2023
QC 3122,2023-09-22T14:56:55Z,WA,NA,178.7,0.89533333,7716666.67,8626666.67,3.78313253,4.79518072,1.33153991,NA,QC3122,2023-09-22,2023,WA,QC3122,WA2023
QC 3126,2023-09-22T15:12:42Z,WA,NA,169.7,0.898,6506666.67,7250000,3.77108434,4.62048193,1.26783198,NA,QC3126,2023-09-22,2023,WA,QC3126,WA2023
QC 3132,2023-09-22T15:30:45Z,WA,NA,168.1,0.73333333,1276666.67,1740000,3.92168675,4.8313253,1.12981146,NA,QC3132,2023-09-22,2023,WA,QC3132,WA2023
QC 3133,2023-09-22T15:38:02Z,WA,NA,185.4,0.87,5580000,6330000,3.8253012,4.79518072,1.24681145,NA,QC3133,2023-09-22,2023,WA,QC3133,WA2023
QC 3134,2023-09-22T15:40:54Z,WA,NA,201.1,0.79966667,3473333.33,4353333.33,4.07831325,5.0060241,1.18681478,NA,QC3134,2023-09-22,2023,WA,QC3134,WA2023
QC 3136,2023-09-22T15:46:18Z,WA,NA,192.6,0.751,1863333.33,2476666.67,3.80722892,4.81927711,1.20221002,NA,QC3136,2023-09-22,2023,WA,QC3136,WA2023
QC 3139,2023-09-22T15:54:54Z,WA,NA,160.2,0.58366667,106333.333,137000,3.87349398,5,1.25899986,NA,QC3139,2023-09-22,2023,WA,QC3139,WA2023
QC 3141,2023-09-22T16:01:13Z,WA,NA,187.8,0.66633333,1380000,2103333.33,3.75301205,5.03012048,1.18096049,NA,QC3141,2023-09-22,2023,WA,QC3141,WA2023
QC 3144,2023-09-22T16:07:49Z,WA,NA,197.2,0.874,4553333.33,5256666.67,3.93975904,5.01807229,1.08459511,NA,QC3144,2023-09-22,2023,WA,QC3144,WA2023
QC 3145,2023-09-22T16:10:08Z,WA,NA,193.6,0.878,7050000,8020000,3.98192771,4.93975904,1.08158752,NA,QC3145,2023-09-22,2023,WA,QC3145,WA2023
QC 3146,2023-09-22T16:13:06Z,WA,NA,196.5,0.859,5180000,6060000,3.95783133,4.89156627,1.18918729,NA,QC3146,2023-09-22,2023,WA,QC3146,WA2023
QC 3147,2023-09-22T16:15:46Z,WA,NA,187.9,0.82733333,5813333.33,7126666.67,3.95180723,4.91566265,1.21094123,NA,QC3147,2023-09-22,2023,WA,QC3147,WA2023
QC 3151,2023-09-22T16:24:15Z,WA,NA,165,0.73333333,2470000,3380000,4.11904762,5.33928571,1.1785188,NA,QC3151,2023-09-22,2023,WA,QC3151,WA2023
QC 3152,2023-09-22T16:26:22Z,WA,NA,172,0.821,5253333.33,6436666.67,3.95238095,4.68452381,1.22852157,NA,QC3152,2023-09-22,2023,WA,QC3152,WA2023
QC 3153,2023-09-22T16:28:19Z,WA,NA,178.7,0.79333333,3003333.33,3830000,4.0297619,4.93452381,1.26034988,NA,QC3153,2023-09-22,2023,WA,QC3153,WA2023
QC 3156,2023-09-22T16:34:22Z,WA,NA,197.8,0.82566667,5886666.67,7123333.33,4.10714286,5.42857143,1.26140534,NA,QC3156,2023-09-22,2023,WA,QC3156,WA2023
QC 3166,2023-09-27T11:53:45Z,VA,NA,206.5,0.884,3130000,3533333.33,4.14110429,5.57055215,1.39226322,NA,QC3166,2023-09-27,2023,VA,QC3166,VA2023
QC 3167,2023-09-27T12:02:02Z,VA,NA,223,0.861,3770000,4380000,4.11656442,5.53374233,1.4138325,NA,QC3167,2023-09-27,2023,VA,QC3167,VA2023
QC 3168,2023-09-27T12:07:07Z,VA,NA,192,0.86533333,4620000,5323333.33,4.20858896,5.49079755,1.35908258,NA,QC3168,2023-09-27,2023,VA,QC3168,VA2023
QC 3170,2023-10-17T11:38:37Z,NCA,NA,181.6,0.81633333,5736666.67,7050000,3.7740113,5.02259887,1.36140714,NA,QC3170,2023-10-17,2023,CA,QC3170,CA2023
QC 3175,2023-10-17T12:19:03Z,NCA,NA,194.2,0.77833333,3843333.33,4903333.33,3.71751412,4.70621469,1.27363334,NA,QC3175,2023-10-17,2023,CA,QC3175,CA2023
QC 3178,2023-10-17T12:40:09Z,NCA,NA,175.7,0.76333333,4386666.67,5716666.67,3.76836158,4.50282486,1.27366525,NA,QC3178,2023-10-17,2023,CA,QC3178,CA2023
QC 3180,2023-10-17T12:51:34Z,NCA,NA,180.3,0.829,5303333.33,6376666.67,3.68926554,4.89830508,1.32747524,NA,QC3180,2023-10-17,2023,CA,QC3180,CA2023
QC 3183,2023-10-17T13:34:06Z,NCA,NA,196.5,0.67866667,2560000,3770000,3.68361582,4.92090395,1.28548046,NA,QC3183,2023-10-17,2023,CA,QC3183,CA2023
QC 3185,2023-10-17T13:39:18Z,NCA,NA,182.5,0.84433333,4520000,5330000,3.84745763,4.83615819,1.24317863,NA,QC3185,2023-10-17,2023,CA,QC3185,CA2023
QC 3188,2023-10-17T13:50:04Z,NCA,NA,166.3,0.87466667,8506666.67,9780000,3.70621469,4.75141243,1.23146909,NA,QC3188,2023-10-17,2023,CA,QC3188,CA2023
QC 3192,2023-10-17T14:02:17Z,NCA,NA,169.7,0.47633333,3326666.67,7830000,3.67231638,4.47457627,1.17487377,NA,QC3192,2023-10-17,2023,CA,QC3192,CA2023
QC 3194,2023-10-17T14:06:58Z,NCA,NA,190.9,0.691,6220000,9020000,3.80225989,5.10734463,1.2035126,NA,QC3194,2023-10-17,2023,CA,QC3194,CA2023
QC 3196,2023-10-17T14:11:55Z,NCA,NA,158.2,0.687,2040000,2950000,3.75141243,4.9039548,1.21462184,NA,QC3196,2023-10-17,2023,CA,QC3196,CA2023
QC 3199,2023-10-17T14:19:25Z,NCA,NA,175.7,0.779,4970000,6373333.33,3.92090395,4.94350282,1.21747929,NA,QC3199,2023-10-17,2023,CA,QC3199,CA2023
QC 3202,2023-10-17T14:26:16Z,NCA,NA,170,0.747,6983333.33,9493333.33,3.79661017,4.77966102,1.36984408,NA,QC3202,2023-10-17,2023,CA,QC3202,CA2023
QC 3204,2023-10-17T14:31:33Z,NCA,NA,175.1,0.83833333,9263333.33,11100000,3.90960452,4.93220339,1.28548046,NA,QC3204,2023-10-17,2023,CA,QC3204,CA2023
QC 3208,2023-10-17T14:43:03Z,NCA,NA,159.2,0.802,7236666.67,9036666.67,3.68125,4.825,NA,NA,QC3208,2023-10-17,2023,CA,QC3208,CA2023
QC 3211,2023-11-02T11:25:39Z,WA,NA,176.3,0.59466667,1408333.33,2353333.33,3.72670807,4.9068323,1.20480087,NA,QC3211,2023-11-02,2023,WA,QC3211,WA2023
QC 3216,2023-11-02T11:46:59Z,WA,NA,166,0.54633333,1990000,3646666.67,3.89440994,4.64596273,1.18010604,NA,QC3216,2023-11-02,2023,WA,QC3216,WA2023
QC 3217,2023-11-02T11:51:24Z,WA,NA,180.9,0.77133333,4286666.67,5560000,3.80745342,5.03726708,1.20192314,NA,QC3217,2023-11-02,2023,WA,QC3217,WA2023
QC 3225,2023-11-02T12:32:41Z,WA,NA,196.6,0.719,2030000,2793333.33,3.82317073,4.83536585,1.1795756,NA,QC3225,2023-11-02,2023,WA,QC3225,WA2023
QC 3226,2023-11-02T12:40:38Z,WA,NA,176.5,0.76433333,1973333.33,2666666.67,3.75609756,4.45731707,1.13698873,NA,QC3226,2023-11-02,2023,WA,QC3226,WA2023
QC 3227,2023-11-02T12:46:11Z,WA,NA,182.2,0.846,2946666.67,3576666.67,3.70121951,4.8597561,1.23861783,NA,QC3227,2023-11-02,2023,WA,QC3227,WA2023
QC 3229,2023-11-02T13:54:13Z,WA,NA,158.2,0.77166667,2800000,3603333.33,3.65030675,4.35582822,1.17439137,NA,QC3229,2023-11-02,2023,WA,QC3229,WA2023
QC 3235,2023-11-02T14:24:16Z,WA,NA,194,0.871,4853333.33,5613333.33,3.73619632,4.73619632,1.14741493,NA,QC3235,2023-11-02,2023,WA,QC3235,WA2023
QC 3238,2023-11-02T14:41:19Z,WA,NA,176.7,0.80533333,3150000,4080000,3.7791411,4.87116564,1.20197852,NA,QC3238,2023-11-02,2023,WA,QC3238,WA2023
QC 3241,2023-11-02T14:59:07Z,WA,NA,198.7,0.82833333,4343333.33,5240000,3.8875,4.9625,1.23744474,NA,QC3241,2023-11-02,2023,WA,QC3241,WA2023
QC 3243,2023-11-02T15:08:17Z,WA,NA,182.2,0.79533333,1439333.33,1830000,3.7375,4.88125,1.2969843,NA,QC3243,2023-11-02,2023,WA,QC3243,WA2023
QC 3246,2023-11-02T15:21:14Z,WA,NA,174.1,0.799,3260000,4103333.33,3.85,4.88125,1.28769011,NA,QC3246,2023-11-02,2023,WA,QC3246,WA2023
QC 3252,2023-11-03T11:11:21Z,WA,NA,183.4,0.89733333,5523333.33,6156666.67,3.72222222,4.9382716,1.23464794,NA,QC3252,2023-11-03,2023,WA,QC3252,WA2023
QC 3255,2023-11-03T11:34:35Z,WA,NA,190.9,0.848,4616666.67,5403333.33,3.69753086,4.96296296,1.32977112,NA,QC3255,2023-11-03,2023,WA,QC3255,WA2023
QC 3258,2023-11-03T11:49:42Z,WA,NA,190.3,0.862,3730000,4330000,3.72839506,4.87037037,1.41899149,NA,QC3258,2023-11-03,2023,WA,QC3258,WA2023
QC 3261,2023-11-03T12:13:13Z,WA,NA,170.3,0.908,5666666.67,6236666.67,3.79268293,4.98170732,1.29769149,NA,QC3261,2023-11-03,2023,WA,QC3261,WA2023
QC 3266,2023-11-03T12:42:19Z,WA,NA,150.3,0.70866667,2983333.33,4193333.33,3.90243902,4.90243902,1.24022201,NA,QC3266,2023-11-03,2023,WA,QC3266,WA2023
QC 3268,2023-11-03T13:23:22Z,WA,NA,167.7,0.76366667,4056666.67,5386666.67,3.70731707,4.72560976,1.20455449,NA,QC3268,2023-11-03,2023,WA,QC3268,WA2023
QC 3273,2023-11-03T14:07:50Z,WA,NA,205.4,0.81633333,2470000,3023333.33,3.82716049,5.15432099,1.24669204,NA,QC3273,2023-11-03,2023,WA,QC3273,WA2023
QC 3278,2023-11-03T14:38:33Z,WA,NA,143.7,0.79033333,4463333.33,5973333.33,3.72222222,4.75925926,1.24287249,NA,QC3278,2023-11-03,2023,WA,QC3278,WA2023
QC 3281,2023-11-03T14:59:15Z,WA,NA,133,0.831,1256666.67,1526666.67,3.55828221,4.4601227,1.17153148,NA,QC3281,2023-11-03,2023,WA,QC3281,WA2023
QC 3288,2023-11-03T15:35:12Z,WA,NA,132,0.91366667,164333.333,180000,3.65644172,4.32515337,1.0297427,NA,QC3288,2023-11-03,2023,WA,QC3288,WA2023
QC 3293,2024-03-06T15:07:01Z,GA,NA,245.6,0.90333333,8183333.33,9060000,3.75739645,5.10059172,1.48490887,NA,QC3293,2024-03-06,2024,GA,QC3293,GA2024
QC 3294,2024-03-06T15:09:49Z,GA,NA,201,0.81366667,4533333.33,5580000,3.64497041,4.71597633,1.17340839,NA,QC3294,2024-03-06,2024,GA,QC3294,GA2024
QC 3298,2024-03-06T15:18:41Z,GA,NA,251.8,0.641,4080000,6326666.67,3.6035503,4.79289941,1.16553672,NA,QC3298,2024-03-06,2024,GA,QC3298,GA2024
QC 3299,2024-03-06T15:21:20Z,GA,NA,229.7,0.60333333,4663333.33,7643333.33,3.84023669,4.71005917,1.20722744,NA,QC3299,2024-03-06,2024,GA,QC3299,GA2024
QC 3300,2024-03-06T15:25:11Z,GA,NA,216.8,0.76566667,4676666.67,6213333.33,3.76331361,4.76923077,1.27238154,NA,QC3300,2024-03-06,2024,GA,QC3300,GA2024
QC 3301,2024-03-06T15:28:03Z,GA,NA,209.8,0.639,6300000,9766666.67,3.74556213,4.79289941,1.15100747,NA,QC3301,2024-03-06,2024,GA,QC3301,GA2024
QC 3304,2024-03-06T15:35:41Z,GA,NA,215.5,0.695,4176666.67,6016666.67,3.62721893,4.5443787,1.1774854,NA,QC3304,2024-03-06,2024,GA,QC3304,GA2024
QC 3305,2024-03-06T15:39:36Z,GA,NA,242.6,0.47166667,4670000,10076666.7,3.85207101,4.95857988,1.18041591,NA,QC3305,2024-03-06,2024,GA,QC3305,GA2024
QC 3306,2024-03-06T15:42:37Z,GA,NA,196.7,0.339,1104333.33,3240000,3.65680473,4.66272189,1.15990061,NA,QC3306,2024-03-06,2024,GA,QC3306,GA2024
QC 3307,2024-03-06T15:45:38Z,GA,NA,248.2,0.768,6440000,8370000,3.70414201,4.89349112,1.21898691,NA,QC3307,2024-03-06,2024,GA,QC3307,GA2024
QC 3312,2024-03-13T15:44:18Z,GA,NA,201.7,0.658,3026666.67,4566666.67,3.95625,4.95,1.25325989,NA,QC3312,2024-03-13,2024,GA,QC3312,GA2024
QC 3314,2024-03-13T15:48:30Z,GA,NA,208.8,0.595,5023333.33,8380000,3.75,4.71875,1.16596811,NA,QC3314,2024-03-13,2024,GA,QC3314,GA2024
QC 3315,2024-03-13T15:50:43Z,GA,NA,246.8,0.67533333,7066666.67,10396666.7,3.925,5.10625,1.21554708,NA,QC3315,2024-03-13,2024,GA,QC3315,GA2024
QC 3319,2024-03-13T16:00:50Z,GA,NA,237.3,0.58833333,5020000,8516666.67,3.91875,4.875,1.4144881,NA,QC3319,2024-03-13,2024,GA,QC3319,GA2024
QC 3324,2024-03-19T12:09:49Z,GA,NA,216.5,0.74666667,10576666.7,14100000,4.02515723,5.11949686,1.30490988,NA,QC3324,2024-03-19,2024,GA,QC3324,GA2024
QC 3326,2024-03-19T12:14:04Z,GA,NA,222.8,0.615,6133333.33,10020000,3.98113208,4.99371069,1.26981798,NA,QC3326,2024-03-19,2024,GA,QC3326,GA2024
QC 3327,2024-03-19T12:16:01Z,GA,NA,205.4,0.784,6883333.33,8783333.33,3.97484277,5.00628931,1.24536897,NA,QC3327,2024-03-19,2024,GA,QC3327,GA2024
QC 3329,2024-03-19T12:20:10Z,GA,NA,222.6,0.819,13400000,16266666.7,4,5,1.25453547,NA,QC3329,2024-03-19,2024,GA,QC3329,GA2024
QC 3333,2024-04-04T15:52:45Z,HI,NA,246.6,0.5875,4687500,8072500,3.96226415,4.71069182,1.26106215,NA,QC3333,2024-04-04,2024,HI,QC3333,HI2024
QC 3340,2024-04-04T16:27:58Z,HI,NA,238.2,0.82333333,6493333.33,7880000,3.9245283,4.88050314,1.27973441,NA,QC3340,2024-04-04,2024,HI,QC3340,HI2024
QC 3342,2024-04-04T16:36:47Z,HI,NA,214.7,0.87933333,9930000,11216666.7,4.00628931,4.67924528,1.26114202,NA,QC3342,2024-04-04,2024,HI,QC3342,HI2024
QC 3346,2024-04-04T16:55:55Z,HI,NA,229.9,0.84333333,13966666.7,16633333.3,3.72955975,4.82389937,1.24214978,NA,QC3346,2024-04-04,2024,HI,QC3346,HI2024
QC 3347,2024-04-04T16:59:00Z,HI,NA,226.7,0.94033333,5860000,6260000,4.02515723,4.99371069,1.2831537,NA,QC3347,2024-04-04,2024,HI,QC3347,HI2024
QC 3348,2024-04-04T17:02:16Z,HI,NA,235.8,0.87466667,5676666.67,6420000,3.98113208,5.0754717,1.30514143,NA,QC3348,2024-04-04,2024,HI,QC3348,HI2024
QC 3352,2024-04-04T17:18:36Z,HI,NA,234.4,0.91833333,8073333.33,8786666.67,3.81132075,4.72955975,1.25401348,NA,QC3352,2024-04-04,2024,HI,QC3352,HI2024
QC 3354,2024-04-04T17:25:44Z,HI,NA,205.4,0.92233333,2783333.33,3006666.67,3.94968553,4.77358491,1.23629745,NA,QC3354,2024-04-04,2024,HI,QC3354,HI2024
QC 3356,2024-04-04T17:32:18Z,HI,NA,219.7,0.869,11866666.7,13633333.3,3.91823899,4.87421384,1.26687959,NA,QC3356,2024-04-04,2024,HI,QC3356,HI2024
QC 3358,2024-04-04T17:38:02Z,HI,NA,219.8,0.65766667,3096666.67,4586666.67,3.74842767,4.86792453,1.24809572,NA,QC3358,2024-04-04,2024,HI,QC3358,HI2024
QC 3360,2024-04-04T17:48:45Z,HI,NA,212.3,0.879,2033333.33,2316666.67,3.7672956,4.89308176,1.17643056,NA,QC3360,2024-04-04,2024,HI,QC3360,HI2024
QC 3365,2024-04-11T14:20:51Z,HI,NA,186.1,0.802,4646666.67,5856666.67,3.78481013,4.93670886,1.24690667,NA,QC3365,2024-04-11,2024,HI,QC3365,HI2024
QC 3367,2024-04-11T14:25:01Z,HI,NA,210.3,0.866,6200000,7030000,3.70253165,4.79746835,1.2658847,NA,QC3367,2024-04-11,2024,HI,QC3367,HI2024
QC 3371,2024-04-11T14:33:53Z,HI,NA,181.2,0.88333333,8880000,10096666.7,3.61392405,4.79113924,1.21483479,NA,QC3371,2024-04-11,2024,HI,QC3371,HI2024
QC 3375,2024-04-11T14:43:55Z,HI,NA,195.3,0.80533333,6486666.67,8050000,3.79746835,4.70886076,1.13635145,NA,QC3375,2024-04-11,2024,HI,QC3375,HI2024
QC 3378,2024-04-11T14:50:17Z,HI,NA,191.1,0.73933333,1686666.67,2270000,3.57594937,4.84177215,1.13603722,NA,QC3378,2024-04-11,2024,HI,QC3328,HI2024
QC 3380,2024-04-11T14:54:20Z,HI,NA,197.4,0.75366667,3146666.67,4070000,3.65822785,4.77848101,1.28815079,NA,QC3380,2024-04-11,2024,HI,QC3380,HI2024
QC 3381,2024-04-11T14:56:31Z,HI,NA,199.7,0.712,2766666.67,3886666.67,3.60759494,4.7278481,1.17392579,NA,QC3381,2024-04-11,2024,HI,QC3381,HI2024
QC 3385,2024-04-11T15:05:38Z,HI,NA,196,0.82066667,4616666.67,5556666.67,3.70253165,4.81012658,1.1993704,NA,QC3385,2024-04-11,2024,HI,QC3385,HI2024
QC 3390,2024-04-11T15:17:05Z,HI,NA,197,0.85233333,2903333.33,3413333.33,3.73417722,4.76582278,NA,NA,QC3390,2024-04-11,2024,HI,QC3390,HI2024
QC 3391,2024-04-11T15:18:57Z,HI,NA,177,0.795,5780000,7233333.33,3.74683544,4.84177215,1.18292816,NA,QC3391,2024-04-11,2024,HI,QC3391,HI2024
QC 3392,2024-04-11T15:20:45Z,HI,NA,181.3,0.77633333,4333333.33,5540000,3.64556962,4.92405063,1.17079346,NA,QC3392,2024-04-11,2024,HI,QC3392,HI2024
QC 3393,2024-04-11T15:23:04Z,HI,NA,206.7,0.88766667,5640000,6316666.67,3.80379747,4.81012658,1.24075596,NA,QC3393,2024-04-11,2024,HI,QC3393,HI2024
QC 3398,2024-04-16T15:44:32Z,SCA,NA,193.6,0.53933333,3050000,5583333.33,3.83850932,4.9068323,1.23843567,NA,QC3398,2024-04-16,2024,CA,QC3398,CA2024
QC 3400,2024-04-16T15:56:24Z,SCA,NA,212.3,0.681,3310000,4876666.67,3.8136646,5.00621118,1.31376505,NA,QC3400,2024-04-16,2024,CA,QC3400,CA2024
QC 3411,2024-04-16T16:18:46Z,SCA,NA,238.4,0.73866667,4520000,6076666.67,3.8490566,4.8427673,1.25810332,NA,QC3411,2024-04-16,2024,CA,QC3411,CA2024
QC 3416,2024-04-16T16:31:08Z,SCA,NA,200.4,0.789,1075666.67,1360000,3.74842767,4.93081761,1.34605986,NA,QC3416,2024-04-16,2024,CA,QC3416,CA2024
QC 3418,2024-04-16T16:35:00Z,SCA,NA,204.5,0.79266667,2650000,3290000,3.75471698,4.96855346,1.19802292,NA,QC3418,2024-04-16,2024,CA,QC3418,CA2024
QC 3419,2024-04-16T16:56:48Z,SCA,NA,139.9,0.62766667,1766666.67,2813333.33,3.69811321,4.47798742,1.20998629,NA,QC3419,2024-04-16,2024,CA,QC3419,CA2024
QC 3420,2024-04-16T16:58:48Z,SCA,NA,187.6,0.81,4973333.33,6153333.33,3.88050314,4.90566038,1.23285034,NA,QC3420,2024-04-16,2024,CA,QC3920,CA2024
QC 3421,2024-04-17T15:04:42Z,GA,NA,211.5,0.70766667,5913333.33,8390000,3.80246914,4.88888889,1.36099963,NA,QC3421,2024-04-17,2024,GA,QC3421,GA2024
QC 3422,2024-04-30T11:31:36Z,WA,NA,252.1,0.81933333,5380000,6516666.67,3.76875,4.8375,1.31794433,NA,QC3422,2024-04-30,2024,WA,QC3422,WA2024
QC 3426,2024-04-30T11:45:45Z,WA,NA,243.9,0.92633333,4120000,4450000,3.86875,5.15,1.2470935,NA,QC3426,2024-04-30,2024,WA,QC3426,WA2024
QC 3427,2024-04-30T11:48:48Z,WA,NA,266.3,0.76666667,2019000,2590000,3.85,4.99375,1.32492614,NA,QC3427,2024-04-30,2024,WA,QC3427,WA2024
QC 3430,2024-04-30T13:04:13Z,WA,NA,239.6,0.87,7266666.67,8333333.33,3.9,4.95625,1.34367542,NA,QC3430,2024-04-30,2024,WA,QC3430,WA2024
QC 3436,2024-04-30T14:40:59Z,WA,NA,223.4,0.884,5126666.67,5800000,3.81875,4.65,1.23109816,NA,QC3436,2024-04-30,2024,WA,QC3436,WA2024
QC 3439,2024-04-30T14:58:45Z,WA,NA,246.7,0.79866667,6806666.67,8526666.67,3.85,4.9625,1.28081598,NA,QC3439,2024-04-30,2024,WA,QC3439,WA2024
QC 3442,2024-04-30T15:16:36Z,WA,NA,227.1,0.83,8350000,10060000,3.8375,4.85625,1.2969843,NA,QC3442,2024-04-30,2024,WA,QC3442,WA2024
QC 3443,2024-04-30T15:21:37Z,WA,NA,235.4,0.774,6090000,7830000,3.9625,4.98125,1.26895632,NA,QC3443,2024-04-30,2024,WA,QC3443,WA2024
QC 3444,2024-04-30T15:26:44Z,WA,NA,251.1,0.84866667,11566666.7,13633333.3,3.84375,4.975,1.3483681,NA,QC3444,2024-04-30,2024,WA,QC3444,WA2024
QC 3448,2024-04-30T15:46:17Z,WA,NA,210.2,0.86366667,6320000,7336666.67,3.60625,4.65,1.17141539,NA,QC3448,2024-04-30,2024,WA,QC3448,WA2024
QC 3452,2024-04-30T16:04:13Z,WA,NA,252.8,0.87366667,6806666.67,7793333.33,3.90625,4.99375,1.29356688,NA,QC3452,2024-04-30,2024,WA,QC3452,WA2024
QC 3454,2024-04-30T16:12:47Z,WA,NA,263.4,0.873,7956666.67,9106666.67,3.975,4.94375,1.31249888,NA,QC3454,2024-04-30,2024,WA,QC3454,WA2024
QC 3456,2024-04-30T16:21:53Z,WA,NA,238.3,0.47333333,3406666.67,7146666.67,3.76875,4.875,1.31579154,NA,QC3456,2024-04-30,2024,WA,QC3456,WA2024
QC 3457,2024-04-30T16:29:27Z,WA,NA,257.2,0.86,7580000,8806666.67,3.95,4.875,1.39346333,NA,QC3457,2024-04-30,2024,WA,QC3457,WA2024
QC 3468,2024-05-29T16:04:52Z,NCA,NA,176.1,0.52566667,2870000,5246666.67,3.69268293,4.71219512,1.10497823,NA,QC3468,2024-05-29,2024,CA,QC3468,CA2024
QC 3472,2024-05-29T16:14:02Z,NCA,NA,179.2,0.78266667,5370000,6850000,3.93170732,5.17560976,1.32688752,NA,QC3472,2024-05-29,2024,CA,QC3472,CA2024
QC 3473,2024-05-29T16:16:14Z,NCA,NA,167.9,0.78766667,9163333.33,11666666.7,4.13170732,5.12682927,1.39285695,NA,QC3473,2024-05-29,2024,CA,QC3473,CA2024
QC 3478,2024-05-29T16:26:23Z,NCA,NA,187.1,0.76166667,4486666.67,5806666.67,4,4.96585366,1.34620092,NA,QC3478,2024-05-29,2024,CA,QC3478,CA2024
QC 3485,2024-05-29T16:41:19Z,NCA,NA,184.2,0.687,3343333.33,4870000,3.94146341,5.11707317,1.30227328,NA,QC3485,2024-05-29,2024,CA,QC3485,CA2024
QC 3494,2024-06-04T16:24:34Z,NCA,NA,214.2,0.91366667,7663333.33,8393333.33,3.81481481,5.16049383,1.26239281,NA,QC3494,2024-06-04,2024,CA,QC3494,CA2024
QC 3499,2024-06-04T16:37:07Z,NCA,NA,191.2,0.87266667,7070000,8026666.67,3.79012346,4.92592593,1.20054033,NA,QC3499,2024-06-04,2024,CA,QC3499,CA2024
QC 3500,2024-06-04T16:42:00Z,NCA,NA,184.6,0.8795,8057500,9142500,3.74074074,4.7962963,1.2811615,NA,QC3500,2024-06-04,2024,CA,QC3500,CA2024
QC 3508,2024-06-04T17:14:09Z,NCA,NA,213.1,0.86766667,5360000,6136666.67,3.90740741,5.12962963,1.21589942,NA,QC3508,2024-06-04,2024,CA,QC3508,CA2024
QC 3514,2024-06-04T17:30:47Z,NCA,NA,213.2,0.73833333,4563333.33,6176666.67,3.82716049,5.03703704,1.20054033,NA,QC3514,2024-06-04,2024,CA,QC3514,CA2024
QC 3524,2024-06-04T18:10:48Z,NCA,NA,176.9,0.86,8480000,9843333.33,3.90740741,5.08641975,1.19074099,NA,QC3524,2024-06-04,2024,CA,QC3524,CA2024
QC 3527,2024-06-05T12:01:13Z,NCA,NA,193.5,0.90066667,8250000,9170000,3.82822086,4.95705521,1.10704885,NA,QC3527,2024-06-05,2024,CA,QC3527,CA2024
QC 3529,2024-06-05T12:07:06Z,NCA,NA,193,0.858,5543333.33,6473333.33,3.81595092,5.04907975,1.25195238,NA,QC3529,2024-06-05,2024,CA,QC3529,CA2024
QC 3530,2024-06-05T12:10:51Z,NCA,NA,184.2,0.82466667,4843333.33,5906666.67,3.82822086,5.02453988,1.25762379,NA,QC3530,2024-06-05,2024,CA,QC3530,CA2024
QC 3531,2024-06-05T12:15:06Z,NCA,NA,218.2,0.92166667,7583333.33,8210000,3.79754601,5.02453988,1.21719204,NA,QC3531,2024-06-05,2024,CA,QC3531,CA2024
QC 3534,2024-06-05T12:24:08Z,NCA,NA,178.8,0.88366667,5350000,6003333.33,3.87730061,5.01226994,1.26400925,NA,QC3534,2024-06-05,2024,CA,QC3534,CA2024
QC 3535,2024-06-05T12:26:29Z,NCA,NA,185.4,0.92966667,7393333.33,7916666.67,3.85276074,5.06748466,1.193416,NA,QC3535,2024-06-05,2024,CA,QC3535,CA2024
QC 3536,2024-06-05T12:29:04Z,NCA,NA,198,0.95066667,8480000,8913333.33,3.92638037,4.96932515,1.24879047,NA,QC3536,2024-06-05,2024,CA,QC3536,CA2024
QC 3537,2024-06-05T12:31:35Z,NCA,NA,195.7,0.84666667,7126666.67,8470000,3.90797546,5.1595092,1.239353,NA,QC3537,2024-06-05,2024,CA,QC3537,CA2024
QC 3538,2024-06-05T12:34:35Z,NCA,NA,200.5,0.87875,4347500,4915000,3.70552147,5.05521472,1.25964175,NA,QC3538,2024-06-05,2024,CA,QC3538,CA2024
QC 3539,2024-06-05T12:37:12Z,NCA,NA,180.3,0.765,1908666.67,2430000,3.91411043,5.04907975,1.2700042,NA,QC3539,2024-06-05,2024,CA,QC3539,CA2024
QC 3541,2024-06-05T12:44:20Z,NCA,NA,171.2,0.6765,2840000,4092500,3.76687117,4.94478528,1.19009858,NA,QC3541,2024-06-05,2024,CA,QC3541,CA2024
QC 3543,2024-06-05T12:51:18Z,NCA,NA,198.4,0.86466667,6510000,7493333.33,3.94478528,5.06748466,1.25464806,NA,QC3543,2024-06-05,2024,CA,QC3543,CA2024
QC 3545,2024-06-05T12:57:39Z,NCA,NA,180.1,0.85966667,5100000,5996666.67,3.90797546,5.09815951,1.28543785,NA,QC3545,2024-06-05,2024,CA,QC3545,CA2024
QC 3548,2024-06-05T13:22:30Z,NCA,NA,189.8,0.89166667,7793333.33,8706666.67,3.86503067,5.03680982,1.34040722,NA,QC3548,2024-06-05,2024,CA,QC3548,CA2024
QC 3549,2024-06-05T13:24:48Z,NCA,NA,210.7,0.843,4770000,5650000,3.86503067,5.0797546,1.26089658,NA,QC3549,2024-06-05,2024,CA,QC3549,CA2024
QC 3551,2024-06-05T13:31:04Z,NCA,NA,196.5,0.844,3810000,4496666.67,3.84662577,5.15337423,1.30379795,NA,QC3551,2024-06-05,2024,CA,QC3551,CA2024
QC 3552,2024-06-05T13:36:49Z,NCA,NA,179.1,0.387,870000,2216666.67,3.79141104,5,1.31619915,NA,QC3552,2024-06-05,2024,CA,QC3552,CA2024
QC 3559,2024-06-05T14:07:47Z,NCA,NA,182.5,0.89566667,4406666.67,4916666.67,3.88957055,4.93865031,1.27007966,NA,QC3559,2024-06-05,2024,CA,QC3559,CA2024
QC 3560,2024-06-05T14:10:05Z,NCA,NA,188.6,0.733,4236666.67,5713333.33,3.80368098,5.03680982,1.37449223,NA,QC3560,2024-06-05,2024,CA,QC3560,CA2024
QC 3561,2024-06-05T14:12:18Z,NCA,NA,200.3,0.903,4663333.33,5173333.33,3.74233129,5.09202454,1.22707341,NA,QC3561,2024-06-05,2024,CA,QC3561,CA2024
QC 3565,2024-06-05T14:23:02Z,NCA,NA,194.3,0.90066667,5300000,5896666.67,3.93251534,5.03680982,1.30004346,NA,QC3565,2024-06-05,2024,CA,QC3565,CA2024
QC 3573,2024-06-19T17:12:45Z,AL,NA,185,0.84666667,7420000,8753333.33,3.80246914,4.92592593,1.31826535,NA,QC3573,2024-06-19,2024,AL,QC3573,AL2024
QC 3574,2024-06-19T17:17:06Z,AL,NA,175,0.853,7513333.33,8706666.67,3.9691358,5.22222222,1.27402237,NA,QC3574,2024-06-19,2024,AL,QC3574,AL2024
QC 3575,2024-06-19T17:20:33Z,AL,NA,182,0.90333333,8640000,9566666.67,3.77160494,4.90740741,1.29917382,NA,QC3575,2024-06-19,2024,AL,QC3575,AL2024
QC 3577,2024-06-19T17:24:48Z,AL,NA,169,0.90166667,7840000,8713333.33,3.80246914,4.77777778,1.34558415,NA,QC3577,2024-06-19,2024,AL,QC3577,AL2024
QC 3579,2024-06-19T17:28:47Z,AL,NA,186,0.87366667,5763333.33,6616666.67,3.69753086,4.66049383,1.25649905,NA,QC3579,2024-06-19,2024,AL,QC3579,AL2024
QC 3582,2024-06-19T17:37:29Z,AL,NA,165,0.793,2756666.67,3400000,3.71604938,4.67901235,1.21902761,NA,QC3582,2024-06-19,2024,AL,QC3582,AL2024
QC 3590,2024-06-19T17:54:35Z,AL,NA,173,0.90766667,6510000,7183333.33,3.72222222,4.91975309,1.30266074,NA,QC3590,2024-06-19,2024,AL,QC3590,AL2024
QC 3595,2024-06-19T18:08:29Z,AL,NA,205,0.45,2413333.33,5433333.33,3.82716049,4.97530864,1.31158718,NA,QC3595,2024-06-19,2024,AL,QC3595,AL2024
QC 3596,2024-06-19T18:10:37Z,AL,NA,165,0.22333333,525000,2366666.67,3.91358025,5,1.23142153,NA,QC3596,2024-06-19,2024,AL,QC3596,AL2024
QC 3597,2024-06-19T18:12:45Z,AL,NA,187,0.80066667,4193333.33,5163333.33,3.74691358,4.83950617,1.28682922,NA,QC3597,2024-06-19,2024,AL,QC3597,AL2024
QC 3606,2024-06-20T14:42:10Z,AL,NA,171.5,0.71333333,3390000,4560000,3.71515152,4.54545455,1.20092039,NA,QC3606,2024-06-20,2024,AL,QC3606,AL2024
QC 3607,2024-06-20T14:44:16Z,AL,NA,167.6,0.83933333,6813333.33,8116666.67,3.71515152,4.6969697,1.22364278,NA,QC3607,2024-06-20,2024,AL,QC3607,AL2024
QC 3611,2024-06-20T14:52:50Z,AL,NA,192.5,0.893,8933333.33,9996666.67,3.73939394,4.5030303,1.19090928,NA,QC3611,2024-06-20,2024,AL,QC3611,AL2024
QC 3614,2024-06-20T14:59:21Z,AL,NA,203.3,0.892,8766666.67,9783333.33,3.75151515,4.78181818,1.26985678,NA,QC3614,2024-06-20,2024,AL,QC3614,AL2024
QC 3617,2024-06-20T15:05:15Z,AL,NA,193.3,0.85933333,6180000,7176666.67,3.71515152,4.58181818,1.20492483,NA,QC3617,2024-06-20,2024,AL,QC3017,AL2024
QC 3619,2024-06-20T15:11:51Z,AL,NA,200.4,0.87633333,6653333.33,7593333.33,3.66060606,4.86060606,1.19134118,NA,QC3619,2024-06-20,2024,AL,QC3618,AL2024
QC 3623,2024-06-20T15:20:59Z,AL,NA,180.5,0.88733333,4273333.33,4840000,3.6969697,4.72727273,1.21235411,NA,QC3623,2024-06-20,2024,AL,QC3623,AL2024
QC 3625,2024-06-20T15:25:27Z,AL,NA,196.1,0.77633333,5466666.67,6960000,3.6969697,4.66666667,1.19481028,NA,QC3625,2024-06-20,2024,AL,QC3625,AL2024
QC 3627,2024-06-20T15:29:35Z,AL,NA,199.8,0.88566667,3376666.67,3796666.67,3.66060606,4.82424242,1.23921379,NA,QC3627,2024-06-20,2024,AL,QC3627,AL2024
QC 3629,2024-06-20T15:33:53Z,AL,NA,191.2,0.866,5370000,6190000,3.67272727,4.71515152,1.26675939,NA,QC3629,2024-06-20,2024,AL,QC3629,AL2024
QC 3632,2024-06-20T15:51:30Z,AL,NA,191.8,0.69933333,5020000,7196666.67,3.67272727,4.67272727,1.23338822,NA,QC3632,2024-06-20,2024,AL,QC3632,AL2024
QC 3633,2024-06-20T15:53:36Z,AL,NA,198.1,0.73633333,4033333.33,5423333.33,3.55151515,5,1.23316069,NA,QC3633,2024-06-20,2024,AL,QC3633,AL2024
QC 3636,2024-06-20T16:00:52Z,AL,NA,185.9,0.73766667,2983333.33,4033333.33,3.57575758,4.82424242,1.19994642,NA,QC3636,2024-06-20,2024,AL,QC3636,AL2024
QC 3640,2024-06-20T16:10:10Z,AL,NA,179.2,0.779,5180000,6546666.67,3.75757576,5,1.25734703,NA,QC3640,2024-06-20,2024,AL,QC3640,AL2024
QC 3642,2024-06-20T16:14:01Z,AL,NA,175.3,0.84066667,8490000,10080000,3.6,4.8,1.19275356,NA,QC3642,2024-06-20,2024,AL,QC3642,AL2024
QC 3646,2024-06-20T16:22:56Z,AL,NA,167,0.81733333,9100000,11126666.7,3.72727273,4.98181818,1.26031914,NA,QC3646,2024-06-20,2024,AL,QC3646,AL2024
QC 3647,2024-06-20T16:25:16Z,AL,NA,171.4,0.90633333,7996666.67,8823333.33,3.74545455,4.52727273,1.23190854,NA,QC3647,2024-06-20,2024,AL,QC3647,AL2024
QC 3649,2024-06-21T17:30:30Z,AL,NA,197.6,0.78066667,5096666.67,6500000,3.85443038,4.9556962,1.21781197,NA,QC3649,2024-06-21,2024,AL,QC3649,AL2024
QC 3650,2024-06-21T17:32:35Z,AL,NA,192.9,0.77266667,6436666.67,8330000,3.9556962,5.02531646,1.27225471,NA,QC3650,2024-06-21,2024,AL,QC3650,AL2024
QC 3652,2024-06-21T17:36:07Z,AL,NA,180.8,0.37333333,152333.333,302000,3.74683544,4.9556962,1.17886829,NA,QC3652,2024-06-21,2024,AL,QC3652,AL2024
QC 3653,2024-06-21T17:37:52Z,AL,NA,188.5,0.88533333,7360000,8303333.33,3.68987342,5.06329114,1.27225471,NA,QC3653,2024-06-21,2024,AL,QC3653,AL2024
QC 3658,2024-06-21T17:48:03Z,AL,NA,173.3,0.88066667,6440000,7253333.33,3.78481013,4.9556962,1.24698848,NA,QC3658,2024-06-21,2024,AL,QC3658,AL2024
QC 3659,2024-06-21T17:49:51Z,AL,NA,187.5,0.86866667,7716666.67,8856666.67,3.82911392,5.12025316,1.3108169,NA,QC3659,2024-06-21,2024,AL,QC3659,AL2024
QC 3660,2024-06-21T17:54:08Z,AL,NA,202.4,0.50966667,3826666.67,7506666.67,3.94936709,5.23417722,1.39545532,NA,QC3660,2024-06-21,2024,AL,QC3660,AL2024
QC 3662,2024-06-21T18:00:44Z,AL,NA,176.1,0.87466667,6743333.33,7716666.67,3.91139241,4.99367089,1.34501946,NA,QC3662,2024-06-21,2024,AL,QC3662,AL2024
QC 3663,2024-06-21T18:03:56Z,AL,NA,186.7,0.739,5016666.67,6760000,3.86708861,5.19620253,1.28187967,NA,QC3663,2024-06-21,2024,AL,QC3663,AL2024
QC 3665,2024-06-21T18:10:11Z,AL,NA,206.4,0.789,5200000,6590000,3.97468354,5.07594937,1.31613669,NA,QC3665,2024-06-21,2024,AL,QC3665,AL2024
QC 3666,2024-06-21T18:14:53Z,AL,NA,194.5,0.77033333,6340000,8106666.67,4.03797468,5.24050633,1.2467635,NA,QC3666,2024-06-21,2024,AL,QC3666,AL2024
QC 3667,2024-06-21T18:17:40Z,AL,NA,193.8,0.89025,7655000,8597500,3.80379747,4.90506329,1.288032,NA,QC3667,2024-06-21,2024,AL,QC3667,AL2024
QC 3669,2024-06-21T18:22:49Z,AL,NA,203.3,0.92066667,10053333.3,10916666.7,3.98101266,5.25316456,1.38267763,NA,QC3669,2024-06-21,2024,AL,QC3669,AL2024
QC 3673,2024-06-21T18:31:40Z,AL,NA,180.8,0.87666667,6673333.33,7603333.33,3.98734177,5.17721519,NA,NA,QC3673,2024-06-21,2024,AL,QC3673,AL2024
QC 3676,2024-06-21T18:39:59Z,AL,NA,136.7,0.81133333,3010000,3666666.67,3.68987342,4.7278481,1.16134578,NA,QC3676,2024-06-21,2024,AL,QC3676,AL2024
QC 3678,2024-06-21T18:45:05Z,AL,NA,175.4,0.715,5763333.33,8020000,3.91139241,5.1835443,1.40220065,NA,QC3678,2024-06-21,2024,AL,QC3678,AL2024
QC 3680,2024-06-21T18:52:27Z,AL,NA,200.8,0.24433333,680333.333,2906666.67,4.00632911,5.13291139,1.34146926,NA,QC3680,2024-06-21,2024,AL,QC3680,AL2024
QC 3682,2024-06-21T18:56:47Z,AL,NA,172.5,0.09066667,407333.333,4506666.67,3.87974684,5.03164557,1.3062761,NA,QC3682,2024-06-21,2024,AL,QC3682,AL2024
QC 3683,2024-06-21T18:58:55Z,AL,NA,178.7,0.881,3693333.33,4153333.33,3.89873418,5.16455696,1.26467541,NA,QC3683,2024-06-21,2024,AL,QC3683,AL2024
QC 3685,2024-06-21T19:04:05Z,AL,NA,206.1,0.86433333,4846666.67,5563333.33,3.94936709,5.24683544,1.33844323,NA,QC3685,2024-06-21,2024,AL,QC3685,AL2024
QC 3687,2024-08-20T16:28:27Z,GA,NA,232.1,0.76533333,12100000,15866666.7,4.0310559,5.16770186,1.40695986,NA,QC3687,2024-08-20,2024,GA,QC3687,GA2024
QC 3689,2024-08-20T16:32:23Z,GA,NA,208.9,0.87133333,10230000,11700000,3.83229814,4.98757764,1.27257114,NA,QC3689,2024-08-20,2024,GA,QC3689,GA2024
QC 3691,2024-08-20T16:36:09Z,GA,NA,222.4,0.72133333,6263333.33,8740000,3.98136646,4.96273292,1.2266793,NA,QC3691,2024-08-20,2024,GA,QC3691,GA2024
QC 3700,2024-08-20T17:08:00Z,GA,NA,230.3,0.36066667,3160000,8510000,4.04968944,5,1.31649159,NA,QC3700,2024-08-20,2024,GA,QC3700,GA2024
QC 3705,2024-08-20T17:18:52Z,GA,NA,210.5,0.6775,2608333.33,3833333.33,3.97515528,4.78881988,1.2640314,NA,QC3705,2024-08-20,2024,GA,QC3705,GA2024
QC 3708,2024-08-20T17:23:35Z,GA,NA,205.1,0.444,1540000,3546666.67,3.77018634,4.76397516,1.17395054,NA,QC3708,2024-08-20,2024,GA,QC3708,GA2024
QC 3717,2024-08-20T17:42:12Z,GA,NA,205.6,0.575,3456666.67,6016666.67,3.82208589,4.82208589,1.20552167,NA,QC3717,2024-08-20,2024,GA,QC3717,GA2024
QC 3725,2024-08-20T17:58:12Z,GA,NA,231.4,0.84,7740000,9160000,3.96932515,4.93251534,1.3033568,NA,QC3725,2024-08-20,2024,GA,QC3725,GA2024
QC 3726,2024-08-20T17:59:58Z,GA,NA,205,0.77666667,9923333.33,12786666.7,3.88957055,4.87730061,1.32201182,NA,QC3726,2024-08-20,2024,GA,QC3726,GA2024
QC 3728,2024-08-20T18:03:43Z,GA,NA,196.5,0.60133333,2920000,4753333.33,3.78527607,4.83435583,1.2238668,NA,QC3728,2024-08-20,2024,GA,QC3728,GA2024
QC 3729,2024-08-20T18:05:44Z,GA,NA,205.3,0.46066667,2126666.67,4573333.33,3.71779141,4.79754601,1.26285238,NA,QC3729,2024-08-20,2024,GA,QC3729,GA2024
QC 3737,2024-08-27T15:04:59Z,GA,NA,223.8,0.817,9903333.33,12100000,3.9875,4.925,1.30908397,NA,QC3737,2024-08-27,2024,GA,QC3737,GA2024
QC 3739,2024-08-27T15:08:59Z,GA,NA,213.4,0.63866667,3883333.33,6016666.67,3.88125,4.68125,1.2472929,NA,QC3739,2024-08-27,2024,GA,QC3739,GA2024
QC 3741,2024-08-27T15:13:41Z,GA,NA,216.8,0.44533333,5143333.33,11600000,3.91875,5.00625,1.31590493,NA,QC3741,2024-08-27,2024,GA,QC3741,GA2024
QC 3742,2024-08-27T15:15:54Z,GA,NA,215.9,0.59966667,4936666.67,8266666.67,3.8625,4.84375,1.24345899,NA,QC3742,2024-08-27,2024,GA,QC3742,GA2024
QC 3743,2024-08-27T15:17:59Z,GA,NA,220.7,0.078,242000,3036666.67,4.01875,5.0375,1.39373099,NA,QC3743,2024-08-27,2024,GA,QC3743,GA2024
QC 3746,2024-08-27T15:25:14Z,GA,NA,194.5,0.37266667,2566666.67,7120000,3.9625,4.8625,1.26510944,NA,QC3746,2024-08-27,2024,GA,QC3746,GA2024
QC 3757,2024-09-04T14:46:00Z,GA,NA,226.7,0.691,7603333.33,1.1e+07,3.94409938,5.07453416,1.36337782,NA,QC3757,2024-09-04,2024,GA,QC3757,GA2024
QC 3758,2024-09-04T14:53:13Z,GA,NA,235.5,0.62733333,6713333.33,10700000,3.89440994,5.08074534,1.25133824,NA,QC3758,2024-09-04,2024,GA,QC3758,GA2024
QC 3761,2024-09-04T15:12:33Z,GA,NA,210.3,0.764,8060000,10533333.3,3.81987578,4.81987578,1.2424747,NA,QC3761,2024-09-04,2024,GA,QC3761,GA2024
QC 3763,2024-09-04T15:23:17Z,GA,NA,215.7,0.84866667,8290000,9766666.67,3.83229814,4.88198758,1.14585236,NA,QC3763,2024-09-04,2024,GA,QC3763,GA2024
QC 3764,2024-09-04T15:27:45Z,GA,NA,239.7,0.919,8600000,9330000,3.91925466,5.06832298,1.31995698,NA,QC3764,2024-09-04,2024,GA,QC3764,GA2024
QC 3769,2024-09-04T15:50:45Z,GA,NA,229.1,0.88966667,11800000,13233333.3,3.83229814,4.83229814,1.37596559,NA,QC3769,2024-09-04,2024,GA,QC3769,GA2024
QC 3770,2024-09-04T15:55:13Z,GA,NA,216.6,0.84133333,10833333.3,12900000,3.9068323,5.00621118,1.34498751,NA,QC3770,2024-09-04,2024,GA,QC3770,GA2024
QC 3772,2024-09-04T16:04:59Z,GA,NA,228.9,0.91366667,9666666.67,10593333.3,3.98757764,4.94409938,1.22981867,NA,QC3772,2024-09-04,2024,GA,QC3772,GA2024
QC 3774,2024-09-04T16:14:05Z,GA,NA,219.9,0.82166667,7750000,9443333.33,3.8447205,4.79503106,1.25443547,NA,QC3774,2024-09-04,2024,GA,QC3774,GA2024
QC 3776,2024-09-04T16:22:55Z,GA,NA,204,0.698,7290000,10476666.7,3.79503106,4.88198758,1.27324645,NA,QC3776,2024-09-04,2024,GA,QC3776,GA2024
QC 3777,2024-09-04T18:03:50Z,GA,NA,198.7,0.71833333,5156666.67,7173333.33,3.85714286,4.73913043,1.18643663,NA,QC3777,2024-09-04,2024,GA,QC3777,GA2024
QC 3778,2024-09-04T18:05:56Z,GA,NA,196.3,0.68133333,6886666.67,10056666.7,3.85714286,4.98757764,1.33229139,NA,QC3778,2024-09-04,2024,GA,NA,GA2024
QC 3779,2024-09-04T18:07:53Z,GA,NA,249.1,0.68333333,7153333.33,10420000,3.91925466,5.14285714,1.36945304,NA,QC3779,2024-09-04,2024,GA,QC3799,GA2024
QC 3780,2024-09-04T18:09:49Z,GA,NA,250.5,0.813,5150000,6170000,3.8447205,5.03726708,1.35092728,NA,QC3780,2024-09-04,2024,GA,QC3780,GA2024
QC 3792,2024-09-04T18:35:16Z,GA,NA,173.5,0.68,7023333.33,10276666.7,3.80745342,4.67701863,1.28911903,NA,QC3792,2024-09-04,2024,GA,QC3782,GA2024
QC 3794,2024-09-04T18:39:15Z,GA,NA,239.2,0.64866667,6416666.67,9733333.33,3.93167702,4.97515528,1.26124987,NA,QC3794,2024-09-04,2024,GA,QC3794,GA2024
QC 3803,2024-09-05T14:34:49Z,GA,NA,203.7,0.68033333,3530000,5230000,3.80503145,4.98113208,1.23914578,NA,QC3803,2024-09-05,2024,GA,QC3803,GA2024
QC 3806,2024-09-05T14:40:37Z,GA,NA,221,0.70166667,2993333.33,4193333.33,4.06289308,5.05031447,1.3143509,NA,QC3806,2024-09-05,2024,GA,QC3806,GA2024
QC 3811,2024-09-05T15:05:11Z,GA,NA,207.5,0.39366667,2976666.67,7463333.33,3.88050314,5.03773585,1.33955254,NA,QC3811,2024-09-05,2024,GA,QC3811,GA2024
QC 3814,2024-09-05T15:10:42Z,GA,NA,206.2,0.68366667,4730000,6926666.67,3.96855346,5.05031447,1.33303234,NA,QC3814,2024-09-05,2024,GA,QC3814,GA2024
QC 3815,2024-09-05T15:12:38Z,GA,NA,226.7,0.787,7673333.33,9713333.33,3.98742138,5.08805031,1.34605986,NA,QC3815,2024-09-05,2024,GA,QC3815,GA2024
QC 3816,2024-09-05T15:14:48Z,GA,NA,194.4,0.836,10560000,12633333.3,3.96855346,4.8490566,1.34298828,NA,QC3816,2024-09-05,2024,GA,QC3816,GA2024
QC 3819,2024-09-05T15:20:22Z,GA,NA,201.1,0.86433333,11093333.3,12833333.3,3.85534591,4.94339623,1.34604115,NA,QC3819,2024-09-05,2024,GA,QC3819,GA2024
QC 3820,2024-09-05T15:22:15Z,GA,NA,211.8,0.781,4813333.33,6160000,3.94339623,5.22012579,1.38696939,NA,QC3820,2024-09-05,2024,GA,QC3820,GA2024
QC 3821,2024-09-05T15:23:54Z,GA,NA,207.8,0.906,9733333.33,10793333.3,3.94968553,5.06918239,1.21077688,NA,QC3821,2024-09-05,2024,GA,QC3821,GA2024
QC 3823,2024-09-05T15:27:43Z,GA,NA,217.6,0.917,15033333.3,16366666.7,3.95597484,5.03773585,NA,NA,QC3823,2024-09-05,2024,GA,QC3823,GA2024
QC 3827,2024-09-05T15:34:47Z,GA,NA,228.8,0.80666667,7396666.67,9190000,3.88679245,4.9245283,1.30479409,NA,QC3827,2024-09-05,2024,GA,QC3827,GA2024
QC 3828,2024-09-05T15:36:44Z,GA,NA,212.5,0.79733333,7646666.67,9586666.67,3.89937107,5.01257862,1.26347605,NA,QC3828,2024-09-05,2024,GA,QC3828,GA2024
QC 3829,2024-09-05T15:38:41Z,GA,NA,218.8,0.88066667,12400000,1.4e+07,3.94339623,4.98113208,1.29578879,NA,QC3829,2024-09-05,2024,GA,QC3829,GA2024
QC 3831,2024-09-05T15:42:24Z,GA,NA,237.3,0.899,8146666.67,9060000,3.86792453,4.98742138,1.28887143,NA,QC3831,2024-09-05,2024,GA,QC3831,GA2024
QC 3833,2024-09-05T15:45:56Z,GA,NA,219.4,0.892,10193333.3,11413333.3,3.89308176,4.81132075,1.27693718,NA,QC3833,2024-09-05,2024,GA,QC3833,GA2024
QC 3835,2024-09-05T15:50:19Z,GA,NA,241.8,0.883,11800000,13366666.7,4.02515723,5.18867925,1.36832501,NA,QC3835,2024-09-05,2024,GA,QC3835,GA2024
QC 3838,2024-09-05T15:57:28Z,GA,NA,218.2,0.79466667,7460000,9353333.33,4,5.18238994,1.31781413,NA,QC3838,2024-09-05,2024,GA,QC3838,GA2024
QC 3840,2024-09-05T16:01:18Z,GA,NA,234.7,0.801,5543333.33,7053333.33,4.06918239,5.14465409,1.28601574,NA,QC3840,2024-09-05,2024,GA,QC3840,GA2024
QC 3841,2024-09-05T16:03:08Z,GA,NA,190.5,0.88033333,7260000,8246666.67,3.82389937,4.83647799,1.29903014,NA,QC3841,2024-09-05,2024,GA,QC3841,GA2024
QC 3859,2024-10-08T14:28:10Z,GA,NA,260.3,0.89466667,7923333.33,8823333.33,NA,NA,NA,NA,QC3859,2024-10-08,2024,GA,QC3859,GA2024
QC 3860,2024-10-08T14:30:37Z,GA,NA,224.1,0.87733333,6673333.33,7610000,NA,NA,NA,NA,QC3860,2024-10-08,2024,GA,QC3860,GA2024
QC 3863,2024-10-08T14:38:12Z,GA,NA,211,0.87266667,6260000,7126666.67,NA,NA,NA,NA,QC3863,2024-10-08,2024,GA,QC3863,GA2024
QC 3864,2024-10-08T14:40:43Z,GA,NA,218.4,0.89666667,5320000,5933333.33,NA,NA,NA,NA,QC3864,2024-10-08,2024,GA,QC3864,GA2024
QC 3866,2024-10-08T14:44:49Z,GA,NA,257.7,0.879,3893333.33,4396666.67,NA,NA,NA,NA,QC3866,2024-10-08,2024,GA,QC3866,GA2024
QC 3869,2024-10-08T14:53:28Z,GA,NA,197,0.84325,5442500,6462500,NA,NA,NA,NA,QC3869,2024-10-08,2024,GA,QC3869,GA2024
QC 3871,2024-10-08T14:57:39Z,GA,NA,202.5,0.824,4203333.33,5103333.33,NA,NA,NA,NA,QC3871,2024-10-08,2024,GA,QC3871,GA2024
QC 3872,2024-10-08T14:59:31Z,GA,NA,203.8,0.85633333,6900000,8050000,NA,NA,NA,NA,QC3872,2024-10-08,2024,GA,QC3872,GA2024
QC 3875,2024-10-08T15:06:03Z,GA,NA,184.8,0.79766667,2846666.67,3640000,NA,NA,NA,NA,QC3875,2024-10-08,2024,GA,QC3875,GA2024
QC 3876,2024-10-08T15:08:27Z,GA,NA,217.3,0.91166667,7403333.33,8103333.33,NA,NA,NA,NA,QC3876,2024-10-08,2024,GA,QC3876,GA2024
QC 3879,2024-10-08T15:17:32Z,GA,NA,211.1,0.89766667,7283333.33,8093333.33,NA,NA,NA,NA,QC3879,2024-10-08,2024,GA,QC3879,GA2024
QC 3880,2024-10-08T15:21:31Z,GA,NA,200.6,0.84133333,5156666.67,6110000,NA,NA,NA,NA,QC3880,2024-10-08,2024,GA,QC3880,GA2024
QC 3881,2024-10-08T15:23:49Z,GA,NA,187.1,0.85766667,4033333.33,4710000,NA,NA,NA,NA,QC3881,2024-10-08,2024,GA,QC3881,GA2024
QC 3882,2024-10-08T15:26:17Z,GA,NA,219.9,0.92566667,6670000,7180000,NA,NA,NA,NA,QC3882,2024-10-08,2024,GA,QC3882,GA2024
QC 3885,2024-10-08T15:32:46Z,GA,NA,209.8,0.879,6020000,6856666.67,NA,NA,NA,NA,QC3885,2024-10-08,2024,GA,QC3885,GA2024
QC 3886,2024-10-08T15:35:46Z,GA,NA,207.3,0.87066667,6396666.67,7370000,NA,NA,NA,NA,QC3886,2024-10-08,2024,GA,QC3886,GA2024
QC 3892,2025-03-27T13:55:00Z,GA,NA,242.3,0.896,7623333.33,8526666.67,3.77639752,5.08074534,1.2483317,NA,QC3892,2025-03-27,2025,GA,QC3892,GA2025
QC 3893,2025-03-27T13:56:51Z,GA,NA,219.4,0.88133333,5530000,6230000,3.85714286,4.69565217,1.27969204,NA,QC3893,2025-03-27,2025,GA,QC3893,GA2025
QC 3894,2025-03-27T13:59:12Z,GA,NA,223.2,0.8565,11672500,13650000,4.0621118,5.0621118,1.27293778,NA,QC3894,2025-03-27,2025,GA,QC3894,GA2025
QC 3897,2025-03-27T14:07:05Z,GA,NA,263.4,0.91633333,9410000,10263333.3,3.95031056,4.95031056,1.29823167,NA,QC3897,2025-03-27,2025,GA,NA,GA2025
QC 3918,2025-07-09T14:23:35Z,NCA,NA,170.1,0.858,3326666.67,3850000,3.51461988,4.5497076,1.09925454,NA,QC3918,2025-07-09,2025,CA,QC3918,CA2025
QC 3919,2025-07-09T14:25:45Z,NCA,NA,175.5,0.70866667,1693333.33,2386666.67,3.66666667,4.61988304,1.22216919,NA,QC3919,2025-07-09,2025,CA,QC3919,CA2025
QC 3920,2025-07-09T14:27:52Z,NCA,NA,166.6,0.84966667,4836666.67,5716666.67,3.47368421,4.76023392,1.11705437,NA,QC3920,2025-07-09,2025,CA,QC3920B,CA2025
QC 3921,2025-07-09T14:30:02Z,NCA,NA,168.8,0.62533333,985666.667,1543333.33,3.46783626,4.52631579,1.12807041,NA,QC3921,2025-07-09,2025,CA,QC3921,CA2025
QC 3922,2025-07-09T14:32:17Z,NCA,NA,175.2,0.68266667,1149666.67,1706666.67,3.58479532,4.96491228,1.1715635,NA,QC3922,2025-07-09,2025,CA,QC3922,CA2025
QC 3923,2025-08-11T16:51:58Z,NC,NA,238.1,0.70566667,4980000,7100000,3.86335404,5.14906832,1.25118121,NA,QC3923,2025-08-11,2025,NC,QC3923,NC2025
QC 3924,2025-08-11T16:54:29Z,NC,NA,193.9,0.805,5470000,7033333.33,3.8136646,4.68944099,1.12683274,NA,QC3924,2025-08-11,2025,NC,QC3924,NC2025
QC 3927,2025-08-11T17:01:01Z,NC,NA,231,0.90466667,9916666.67,10900000,3.76397516,5.02484472,1.251456,NA,QC3927,2025-08-11,2025,NC,QC3927,NC2025
QC 3928,2025-08-11T17:03:17Z,NC,NA,203.2,0.859,2880000,3356666.67,3.68944099,4.83229814,1.1981369,NA,QC3928,2025-08-11,2025,NC,QC3928,NC2025
QC 0157,42515,FL,NA,177.8,0.878,7174138,8171000,3.26,4.49,1.23009395,NA,QC0157,2016-05-25,2016,FL,QC0197,FL2016
QC 0183,42515,OR,NA,227,0.803,5047390.33,6285666.67,3.65,4.59,1.16848914,NA,QC0183,2016-05-25,2016,OR,QC0183,OR2016
QC 0244,42551,OR,NA,204,0.83833333,8048000,9600000,3.84916201,4.94972067,1.25844725,NA,QC0244,2016-06-30,2016,OR,QC0244,OR2016
QC 0252,42551,OR,NA,208.3,0.753,4507960,5986666.67,3.97206704,4.96089385,1.23472508,NA,QC0252,2016-06-30,2016,OR,QC0252,OR2016
QC 0260,42551,OR,NA,225,0.888,5130272,5777333.33,3.92178771,5.06145251,1.19551197,NA,QC0260,2016-06-30,2016,OR,QC0260,OR2016
QC 0292,42585,USA,NA,155.7,0.92466667,5986908.44,6474666.67,3.68,4.78,1.1346065,NA,QC0292,2016-08-03,2016,USA,QC0292,USA2016
QC 0731,42949,GA,NA,223,NA,NA,719000,3.84764543,4.96398892,1.28399875,NA,QC0731,2017-08-02,2017,GA,NA,GA2017
QC 592,42835,Georgia,NA,226.8,0.951333333333333,6242363.93333333,6561700,3.93575418994413,5.1536312849162,1.29050202833722,0.49958518524936,QC592,2017-04-10,2017,GA,NA,GA2017
QC 734,42962,Hawaii,NA,173.9,0.609666666666667,3820000,5956666.66666667,3.79472140762463,4.6891495601173,1.17803320423692,0.670128930406437,QC734,2017-08-15,2017,HI,NA,HI2017
QC 1683,44019,Georgia,NA,201.7,0.840333333333333,8623333.33333333,10240000,3.83286908077994,4.87743732590529,1.27020839278455,0.918972864159454,QC1683,2020-07-07,2020,GA,QC1683,GA2020
QC 2179,44251,Hawaii,NA,202.8,0.888,9856666.66666667,11123333.3333333,3.84357541899441,5.08100558659218,1.22353706788444,1.11689211093879,QC2179,2021-02-24,2021,HI,QC2179,HI2021
QC 2180,44251,Hawaii,NA,170.8,0.872666666666667,7660000,8780000,3.92458100558659,5.01675977653631,1.23185559090153,0.863858844156847,QC2180,2021-02-24,2021,HI,QC2180,HI2021
QC 2324,44363,Hawaii,NA,226.8,0.766333333333333,6843333.33333333,8783333.33333333,4.10734463276836,5.17796610169492,1.31038915192063,0.717936712922472,QC2324,2021-06-16,2021,HI,QC2324,HI2021
QC 2423,44491,Georgia,NA,250.9,0.915666666666667,7006666.66666667,7650000,3.79888268156425,4.8854748603352,1.31826189283484,0.614163504582918,QC2423,2021-10-22,2021,GA,QC2410,GA2021
QC 2458,44594,Oregon,NA,184.7,0.897333333333333,4096666.66666667,4560000,3.82386363636364,4.96875,1.23281094899271,0.447613379013847,QC2458,2022-02-02,2022,OR,QC2445,OR2022
QC 2461,44594,Oregon,NA,186.5,0.833333333333333,4260000,5010000,3.83238636363636,5.05681818181818,1.28359470892524,0.435694056917165,QC2461,2022-02-02,2022,OR,QC2448,OR2022
QC 3368,45393,Hawaii,NA,217.7,0.692,3810000,5503333.33333333,3.69620253164557,4.84177215189873,1.30994114817866,0.450296042191464,QC3368,2024-04-11,2024,HI,QC3368,HI2024
QC 3379,45393,Hawaii,NA,200.8,0.822333333333333,5883333.33333333,6990000,3.84810126582279,5.07594936708861,1.21262865166787,0.720976923420365,QC3379,2024-04-11,2024,HI,QC3379,HI2024
QC 3382,45393,Hawaii,NA,209.1,0.718,3350000,4690000,3.68354430379747,4.78481012658228,1.09804896890642,0.651531446690608,QC3382,2024-04-11,2024,HI,QC3382,HI2024
